img_id,predicted_label
test_1.jpg,AnnualCrop
test_10.jpg,AnnualCrop
test_100.jpg,AnnualCrop
test_1000.jpg,HerbaceousVegetation
test_1001.jpg,HerbaceousVegetation
test_1002.jpg,HerbaceousVegetation
test_1003.jpg,HerbaceousVegetation
test_1004.jpg,HerbaceousVegetation
test_1005.jpg,HerbaceousVegetation
test_1006.jpg,HerbaceousVegetation
test_1007.jpg,HerbaceousVegetation
test_1008.jpg,HerbaceousVegetation
test_1009.jpg,HerbaceousVegetation
test_101.jpg,AnnualCrop
test_1010.jpg,HerbaceousVegetation
test_1011.jpg,HerbaceousVegetation
test_1012.jpg,HerbaceousVegetation
test_1013.jpg,HerbaceousVegetation
test_1014.jpg,HerbaceousVegetation
test_1015.jpg,HerbaceousVegetation
test_1016.jpg,HerbaceousVegetation
test_1017.jpg,HerbaceousVegetation
test_1018.jpg,HerbaceousVegetation
test_1019.jpg,HerbaceousVegetation
test_102.jpg,AnnualCrop
test_1020.jpg,PermanentCrop
test_1021.jpg,HerbaceousVegetation
test_1022.jpg,HerbaceousVegetation
test_1023.jpg,HerbaceousVegetation
test_1024.jpg,HerbaceousVegetation
test_1025.jpg,HerbaceousVegetation
test_1026.jpg,HerbaceousVegetation
test_1027.jpg,HerbaceousVegetation
test_1028.jpg,HerbaceousVegetation
test_1029.jpg,HerbaceousVegetation
test_103.jpg,AnnualCrop
test_1030.jpg,HerbaceousVegetation
test_1031.jpg,HerbaceousVegetation
test_1032.jpg,HerbaceousVegetation
test_1033.jpg,HerbaceousVegetation
test_1034.jpg,HerbaceousVegetation
test_1035.jpg,HerbaceousVegetation
test_1036.jpg,HerbaceousVegetation
test_1037.jpg,HerbaceousVegetation
test_1038.jpg,HerbaceousVegetation
test_1039.jpg,HerbaceousVegetation
test_104.jpg,AnnualCrop
test_1040.jpg,HerbaceousVegetation
test_1041.jpg,HerbaceousVegetation
test_1042.jpg,HerbaceousVegetation
test_1043.jpg,HerbaceousVegetation
test_1044.jpg,HerbaceousVegetation
test_1045.jpg,HerbaceousVegetation
test_1046.jpg,HerbaceousVegetation
test_1047.jpg,HerbaceousVegetation
test_1048.jpg,HerbaceousVegetation
test_1049.jpg,HerbaceousVegetation
test_105.jpg,AnnualCrop
test_1050.jpg,HerbaceousVegetation
test_1051.jpg,HerbaceousVegetation
test_1052.jpg,HerbaceousVegetation
test_1053.jpg,HerbaceousVegetation
test_1054.jpg,HerbaceousVegetation
test_1055.jpg,HerbaceousVegetation
test_1056.jpg,HerbaceousVegetation
test_1057.jpg,HerbaceousVegetation
test_1058.jpg,HerbaceousVegetation
test_1059.jpg,HerbaceousVegetation
test_106.jpg,AnnualCrop
test_1060.jpg,HerbaceousVegetation
test_1061.jpg,HerbaceousVegetation
test_1062.jpg,HerbaceousVegetation
test_1063.jpg,HerbaceousVegetation
test_1064.jpg,HerbaceousVegetation
test_1065.jpg,HerbaceousVegetation
test_1066.jpg,HerbaceousVegetation
test_1067.jpg,HerbaceousVegetation
test_1068.jpg,HerbaceousVegetation
test_1069.jpg,HerbaceousVegetation
test_107.jpg,AnnualCrop
test_1070.jpg,HerbaceousVegetation
test_1071.jpg,HerbaceousVegetation
test_1072.jpg,HerbaceousVegetation
test_1073.jpg,HerbaceousVegetation
test_1074.jpg,HerbaceousVegetation
test_1075.jpg,HerbaceousVegetation
test_1076.jpg,HerbaceousVegetation
test_1077.jpg,HerbaceousVegetation
test_1078.jpg,HerbaceousVegetation
test_1079.jpg,HerbaceousVegetation
test_108.jpg,AnnualCrop
test_1080.jpg,HerbaceousVegetation
test_1081.jpg,PermanentCrop
test_1082.jpg,HerbaceousVegetation
test_1083.jpg,HerbaceousVegetation
test_1084.jpg,HerbaceousVegetation
test_1085.jpg,HerbaceousVegetation
test_1086.jpg,HerbaceousVegetation
test_1087.jpg,HerbaceousVegetation
test_1088.jpg,Pasture
test_1089.jpg,HerbaceousVegetation
test_109.jpg,AnnualCrop
test_1090.jpg,HerbaceousVegetation
test_1091.jpg,HerbaceousVegetation
test_1092.jpg,HerbaceousVegetation
test_1093.jpg,HerbaceousVegetation
test_1094.jpg,HerbaceousVegetation
test_1095.jpg,HerbaceousVegetation
test_1096.jpg,HerbaceousVegetation
test_1097.jpg,HerbaceousVegetation
test_1098.jpg,HerbaceousVegetation
test_1099.jpg,HerbaceousVegetation
test_11.jpg,River
test_110.jpg,AnnualCrop
test_1100.jpg,HerbaceousVegetation
test_1101.jpg,HerbaceousVegetation
test_1102.jpg,HerbaceousVegetation
test_1103.jpg,PermanentCrop
test_1104.jpg,HerbaceousVegetation
test_1105.jpg,HerbaceousVegetation
test_1106.jpg,HerbaceousVegetation
test_1107.jpg,HerbaceousVegetation
test_1108.jpg,HerbaceousVegetation
test_1109.jpg,HerbaceousVegetation
test_111.jpg,AnnualCrop
test_1110.jpg,HerbaceousVegetation
test_1111.jpg,HerbaceousVegetation
test_1112.jpg,HerbaceousVegetation
test_1113.jpg,HerbaceousVegetation
test_1114.jpg,HerbaceousVegetation
test_1115.jpg,HerbaceousVegetation
test_1116.jpg,HerbaceousVegetation
test_1117.jpg,HerbaceousVegetation
test_1118.jpg,HerbaceousVegetation
test_1119.jpg,HerbaceousVegetation
test_112.jpg,AnnualCrop
test_1120.jpg,HerbaceousVegetation
test_1121.jpg,HerbaceousVegetation
test_1122.jpg,PermanentCrop
test_1123.jpg,HerbaceousVegetation
test_1124.jpg,HerbaceousVegetation
test_1125.jpg,HerbaceousVegetation
test_1126.jpg,HerbaceousVegetation
test_1127.jpg,HerbaceousVegetation
test_1128.jpg,HerbaceousVegetation
test_1129.jpg,HerbaceousVegetation
test_113.jpg,AnnualCrop
test_1130.jpg,HerbaceousVegetation
test_1131.jpg,HerbaceousVegetation
test_1132.jpg,HerbaceousVegetation
test_1133.jpg,HerbaceousVegetation
test_1134.jpg,HerbaceousVegetation
test_1135.jpg,HerbaceousVegetation
test_1136.jpg,HerbaceousVegetation
test_1137.jpg,HerbaceousVegetation
test_1138.jpg,HerbaceousVegetation
test_1139.jpg,HerbaceousVegetation
test_114.jpg,AnnualCrop
test_1140.jpg,HerbaceousVegetation
test_1141.jpg,HerbaceousVegetation
test_1142.jpg,HerbaceousVegetation
test_1143.jpg,HerbaceousVegetation
test_1144.jpg,HerbaceousVegetation
test_1145.jpg,HerbaceousVegetation
test_1146.jpg,HerbaceousVegetation
test_1147.jpg,HerbaceousVegetation
test_1148.jpg,HerbaceousVegetation
test_1149.jpg,HerbaceousVegetation
test_115.jpg,AnnualCrop
test_1150.jpg,HerbaceousVegetation
test_1151.jpg,HerbaceousVegetation
test_1152.jpg,HerbaceousVegetation
test_1153.jpg,HerbaceousVegetation
test_1154.jpg,HerbaceousVegetation
test_1155.jpg,HerbaceousVegetation
test_1156.jpg,HerbaceousVegetation
test_1157.jpg,HerbaceousVegetation
test_1158.jpg,HerbaceousVegetation
test_1159.jpg,PermanentCrop
test_116.jpg,AnnualCrop
test_1160.jpg,AnnualCrop
test_1161.jpg,HerbaceousVegetation
test_1162.jpg,HerbaceousVegetation
test_1163.jpg,HerbaceousVegetation
test_1164.jpg,HerbaceousVegetation
test_1165.jpg,HerbaceousVegetation
test_1166.jpg,HerbaceousVegetation
test_1167.jpg,HerbaceousVegetation
test_1168.jpg,HerbaceousVegetation
test_1169.jpg,HerbaceousVegetation
test_117.jpg,AnnualCrop
test_1170.jpg,HerbaceousVegetation
test_1171.jpg,HerbaceousVegetation
test_1172.jpg,HerbaceousVegetation
test_1173.jpg,HerbaceousVegetation
test_1174.jpg,HerbaceousVegetation
test_1175.jpg,HerbaceousVegetation
test_1176.jpg,HerbaceousVegetation
test_1177.jpg,HerbaceousVegetation
test_1178.jpg,HerbaceousVegetation
test_1179.jpg,HerbaceousVegetation
test_118.jpg,AnnualCrop
test_1180.jpg,HerbaceousVegetation
test_1181.jpg,HerbaceousVegetation
test_1182.jpg,HerbaceousVegetation
test_1183.jpg,HerbaceousVegetation
test_1184.jpg,HerbaceousVegetation
test_1185.jpg,HerbaceousVegetation
test_1186.jpg,HerbaceousVegetation
test_1187.jpg,HerbaceousVegetation
test_1188.jpg,HerbaceousVegetation
test_1189.jpg,HerbaceousVegetation
test_119.jpg,AnnualCrop
test_1190.jpg,HerbaceousVegetation
test_1191.jpg,HerbaceousVegetation
test_1192.jpg,HerbaceousVegetation
test_1193.jpg,HerbaceousVegetation
test_1194.jpg,HerbaceousVegetation
test_1195.jpg,HerbaceousVegetation
test_1196.jpg,HerbaceousVegetation
test_1197.jpg,PermanentCrop
test_1198.jpg,HerbaceousVegetation
test_1199.jpg,HerbaceousVegetation
test_12.jpg,AnnualCrop
test_120.jpg,AnnualCrop
test_1200.jpg,HerbaceousVegetation
test_1201.jpg,HerbaceousVegetation
test_1202.jpg,HerbaceousVegetation
test_1203.jpg,HerbaceousVegetation
test_1204.jpg,PermanentCrop
test_1205.jpg,HerbaceousVegetation
test_1206.jpg,HerbaceousVegetation
test_1207.jpg,HerbaceousVegetation
test_1208.jpg,HerbaceousVegetation
test_1209.jpg,HerbaceousVegetation
test_121.jpg,AnnualCrop
test_1210.jpg,HerbaceousVegetation
test_1211.jpg,HerbaceousVegetation
test_1212.jpg,HerbaceousVegetation
test_1213.jpg,HerbaceousVegetation
test_1214.jpg,HerbaceousVegetation
test_1215.jpg,HerbaceousVegetation
test_1216.jpg,HerbaceousVegetation
test_1217.jpg,HerbaceousVegetation
test_1218.jpg,HerbaceousVegetation
test_1219.jpg,PermanentCrop
test_122.jpg,AnnualCrop
test_1220.jpg,HerbaceousVegetation
test_1221.jpg,HerbaceousVegetation
test_1222.jpg,HerbaceousVegetation
test_1223.jpg,HerbaceousVegetation
test_1224.jpg,HerbaceousVegetation
test_1225.jpg,HerbaceousVegetation
test_1226.jpg,HerbaceousVegetation
test_1227.jpg,HerbaceousVegetation
test_1228.jpg,HerbaceousVegetation
test_1229.jpg,HerbaceousVegetation
test_123.jpg,AnnualCrop
test_1230.jpg,HerbaceousVegetation
test_1231.jpg,HerbaceousVegetation
test_1232.jpg,HerbaceousVegetation
test_1233.jpg,HerbaceousVegetation
test_1234.jpg,HerbaceousVegetation
test_1235.jpg,HerbaceousVegetation
test_1236.jpg,HerbaceousVegetation
test_1237.jpg,HerbaceousVegetation
test_1238.jpg,HerbaceousVegetation
test_1239.jpg,HerbaceousVegetation
test_124.jpg,AnnualCrop
test_1240.jpg,HerbaceousVegetation
test_1241.jpg,HerbaceousVegetation
test_1242.jpg,HerbaceousVegetation
test_1243.jpg,HerbaceousVegetation
test_1244.jpg,HerbaceousVegetation
test_1245.jpg,HerbaceousVegetation
test_1246.jpg,HerbaceousVegetation
test_1247.jpg,HerbaceousVegetation
test_1248.jpg,HerbaceousVegetation
test_1249.jpg,HerbaceousVegetation
test_125.jpg,AnnualCrop
test_1250.jpg,HerbaceousVegetation
test_1251.jpg,HerbaceousVegetation
test_1252.jpg,HerbaceousVegetation
test_1253.jpg,HerbaceousVegetation
test_1254.jpg,HerbaceousVegetation
test_1255.jpg,HerbaceousVegetation
test_1256.jpg,HerbaceousVegetation
test_1257.jpg,HerbaceousVegetation
test_1258.jpg,HerbaceousVegetation
test_1259.jpg,HerbaceousVegetation
test_126.jpg,AnnualCrop
test_1260.jpg,PermanentCrop
test_1261.jpg,HerbaceousVegetation
test_1262.jpg,HerbaceousVegetation
test_1263.jpg,HerbaceousVegetation
test_1264.jpg,HerbaceousVegetation
test_1265.jpg,HerbaceousVegetation
test_1266.jpg,HerbaceousVegetation
test_1267.jpg,PermanentCrop
test_1268.jpg,HerbaceousVegetation
test_1269.jpg,HerbaceousVegetation
test_127.jpg,AnnualCrop
test_1270.jpg,HerbaceousVegetation
test_1271.jpg,HerbaceousVegetation
test_1272.jpg,HerbaceousVegetation
test_1273.jpg,HerbaceousVegetation
test_1274.jpg,HerbaceousVegetation
test_1275.jpg,HerbaceousVegetation
test_1276.jpg,HerbaceousVegetation
test_1277.jpg,HerbaceousVegetation
test_1278.jpg,HerbaceousVegetation
test_1279.jpg,HerbaceousVegetation
test_128.jpg,AnnualCrop
test_1280.jpg,HerbaceousVegetation
test_1281.jpg,HerbaceousVegetation
test_1282.jpg,HerbaceousVegetation
test_1283.jpg,HerbaceousVegetation
test_1284.jpg,HerbaceousVegetation
test_1285.jpg,HerbaceousVegetation
test_1286.jpg,HerbaceousVegetation
test_1287.jpg,HerbaceousVegetation
test_1288.jpg,HerbaceousVegetation
test_1289.jpg,HerbaceousVegetation
test_129.jpg,AnnualCrop
test_1290.jpg,HerbaceousVegetation
test_1291.jpg,HerbaceousVegetation
test_1292.jpg,HerbaceousVegetation
test_1293.jpg,HerbaceousVegetation
test_1294.jpg,HerbaceousVegetation
test_1295.jpg,HerbaceousVegetation
test_1296.jpg,HerbaceousVegetation
test_1297.jpg,HerbaceousVegetation
test_1298.jpg,HerbaceousVegetation
test_1299.jpg,HerbaceousVegetation
test_13.jpg,AnnualCrop
test_130.jpg,AnnualCrop
test_1300.jpg,HerbaceousVegetation
test_1301.jpg,HerbaceousVegetation
test_1302.jpg,HerbaceousVegetation
test_1303.jpg,HerbaceousVegetation
test_1304.jpg,HerbaceousVegetation
test_1305.jpg,HerbaceousVegetation
test_1306.jpg,HerbaceousVegetation
test_1307.jpg,Pasture
test_1308.jpg,HerbaceousVegetation
test_1309.jpg,Forest
test_131.jpg,AnnualCrop
test_1310.jpg,HerbaceousVegetation
test_1311.jpg,HerbaceousVegetation
test_1312.jpg,HerbaceousVegetation
test_1313.jpg,HerbaceousVegetation
test_1314.jpg,HerbaceousVegetation
test_1315.jpg,HerbaceousVegetation
test_1316.jpg,HerbaceousVegetation
test_1317.jpg,HerbaceousVegetation
test_1318.jpg,HerbaceousVegetation
test_1319.jpg,HerbaceousVegetation
test_132.jpg,AnnualCrop
test_1320.jpg,HerbaceousVegetation
test_1321.jpg,HerbaceousVegetation
test_1322.jpg,HerbaceousVegetation
test_1323.jpg,HerbaceousVegetation
test_1324.jpg,HerbaceousVegetation
test_1325.jpg,HerbaceousVegetation
test_1326.jpg,HerbaceousVegetation
test_1327.jpg,HerbaceousVegetation
test_1328.jpg,HerbaceousVegetation
test_1329.jpg,HerbaceousVegetation
test_133.jpg,AnnualCrop
test_1330.jpg,HerbaceousVegetation
test_1331.jpg,HerbaceousVegetation
test_1332.jpg,HerbaceousVegetation
test_1333.jpg,HerbaceousVegetation
test_1334.jpg,HerbaceousVegetation
test_1335.jpg,HerbaceousVegetation
test_1336.jpg,HerbaceousVegetation
test_1337.jpg,HerbaceousVegetation
test_1338.jpg,HerbaceousVegetation
test_1339.jpg,HerbaceousVegetation
test_134.jpg,AnnualCrop
test_1340.jpg,HerbaceousVegetation
test_1341.jpg,HerbaceousVegetation
test_1342.jpg,HerbaceousVegetation
test_1343.jpg,HerbaceousVegetation
test_1344.jpg,HerbaceousVegetation
test_1345.jpg,HerbaceousVegetation
test_1346.jpg,HerbaceousVegetation
test_1347.jpg,HerbaceousVegetation
test_1348.jpg,HerbaceousVegetation
test_1349.jpg,HerbaceousVegetation
test_135.jpg,AnnualCrop
test_1350.jpg,PermanentCrop
test_1351.jpg,Highway
test_1352.jpg,Highway
test_1353.jpg,Highway
test_1354.jpg,Highway
test_1355.jpg,Highway
test_1356.jpg,Highway
test_1357.jpg,Highway
test_1358.jpg,Highway
test_1359.jpg,Highway
test_136.jpg,AnnualCrop
test_1360.jpg,Highway
test_1361.jpg,Highway
test_1362.jpg,Highway
test_1363.jpg,Highway
test_1364.jpg,Highway
test_1365.jpg,Highway
test_1366.jpg,Highway
test_1367.jpg,Highway
test_1368.jpg,Highway
test_1369.jpg,Highway
test_137.jpg,Pasture
test_1370.jpg,Highway
test_1371.jpg,Highway
test_1372.jpg,Highway
test_1373.jpg,Highway
test_1374.jpg,Highway
test_1375.jpg,River
test_1376.jpg,Highway
test_1377.jpg,Highway
test_1378.jpg,Highway
test_1379.jpg,Highway
test_138.jpg,AnnualCrop
test_1380.jpg,Highway
test_1381.jpg,Highway
test_1382.jpg,Highway
test_1383.jpg,Highway
test_1384.jpg,Highway
test_1385.jpg,Highway
test_1386.jpg,Highway
test_1387.jpg,Highway
test_1388.jpg,Highway
test_1389.jpg,Highway
test_139.jpg,AnnualCrop
test_1390.jpg,Highway
test_1391.jpg,Highway
test_1392.jpg,Highway
test_1393.jpg,Highway
test_1394.jpg,Highway
test_1395.jpg,Highway
test_1396.jpg,Highway
test_1397.jpg,Highway
test_1398.jpg,Highway
test_1399.jpg,Highway
test_14.jpg,AnnualCrop
test_140.jpg,AnnualCrop
test_1400.jpg,Highway
test_1401.jpg,Highway
test_1402.jpg,Highway
test_1403.jpg,Highway
test_1404.jpg,Highway
test_1405.jpg,Highway
test_1406.jpg,Highway
test_1407.jpg,Highway
test_1408.jpg,Highway
test_1409.jpg,Highway
test_141.jpg,AnnualCrop
test_1410.jpg,Highway
test_1411.jpg,Highway
test_1412.jpg,Residential
test_1413.jpg,River
test_1414.jpg,Highway
test_1415.jpg,Highway
test_1416.jpg,Highway
test_1417.jpg,Highway
test_1418.jpg,Highway
test_1419.jpg,Highway
test_142.jpg,AnnualCrop
test_1420.jpg,Highway
test_1421.jpg,Highway
test_1422.jpg,Highway
test_1423.jpg,Highway
test_1424.jpg,Highway
test_1425.jpg,Highway
test_1426.jpg,Highway
test_1427.jpg,Highway
test_1428.jpg,Highway
test_1429.jpg,Highway
test_143.jpg,AnnualCrop
test_1430.jpg,Highway
test_1431.jpg,Highway
test_1432.jpg,Highway
test_1433.jpg,Highway
test_1434.jpg,Highway
test_1435.jpg,Highway
test_1436.jpg,Highway
test_1437.jpg,Highway
test_1438.jpg,Highway
test_1439.jpg,Highway
test_144.jpg,AnnualCrop
test_1440.jpg,Highway
test_1441.jpg,Highway
test_1442.jpg,Highway
test_1443.jpg,Highway
test_1444.jpg,Highway
test_1445.jpg,Highway
test_1446.jpg,Highway
test_1447.jpg,Highway
test_1448.jpg,Highway
test_1449.jpg,Highway
test_145.jpg,AnnualCrop
test_1450.jpg,Highway
test_1451.jpg,Highway
test_1452.jpg,Highway
test_1453.jpg,Highway
test_1454.jpg,Highway
test_1455.jpg,Highway
test_1456.jpg,Highway
test_1457.jpg,Highway
test_1458.jpg,Highway
test_1459.jpg,Highway
test_146.jpg,AnnualCrop
test_1460.jpg,Highway
test_1461.jpg,Highway
test_1462.jpg,Highway
test_1463.jpg,Highway
test_1464.jpg,Highway
test_1465.jpg,Highway
test_1466.jpg,Highway
test_1467.jpg,Highway
test_1468.jpg,Highway
test_1469.jpg,Highway
test_147.jpg,AnnualCrop
test_1470.jpg,Highway
test_1471.jpg,Highway
test_1472.jpg,Highway
test_1473.jpg,Highway
test_1474.jpg,Highway
test_1475.jpg,Highway
test_1476.jpg,Highway
test_1477.jpg,Highway
test_1478.jpg,Highway
test_1479.jpg,Highway
test_148.jpg,AnnualCrop
test_1480.jpg,Highway
test_1481.jpg,Highway
test_1482.jpg,Highway
test_1483.jpg,Highway
test_1484.jpg,Highway
test_1485.jpg,Highway
test_1486.jpg,Highway
test_1487.jpg,HerbaceousVegetation
test_1488.jpg,Highway
test_1489.jpg,Highway
test_149.jpg,AnnualCrop
test_1490.jpg,Highway
test_1491.jpg,Highway
test_1492.jpg,Highway
test_1493.jpg,Highway
test_1494.jpg,Highway
test_1495.jpg,Highway
test_1496.jpg,Highway
test_1497.jpg,Highway
test_1498.jpg,Highway
test_1499.jpg,Highway
test_15.jpg,AnnualCrop
test_150.jpg,AnnualCrop
test_1500.jpg,Highway
test_1501.jpg,Highway
test_1502.jpg,Highway
test_1503.jpg,Highway
test_1504.jpg,Highway
test_1505.jpg,Highway
test_1506.jpg,Highway
test_1507.jpg,Highway
test_1508.jpg,Highway
test_1509.jpg,Highway
test_151.jpg,AnnualCrop
test_1510.jpg,Highway
test_1511.jpg,Highway
test_1512.jpg,PermanentCrop
test_1513.jpg,Highway
test_1514.jpg,Highway
test_1515.jpg,Highway
test_1516.jpg,Highway
test_1517.jpg,Highway
test_1518.jpg,Highway
test_1519.jpg,Highway
test_152.jpg,AnnualCrop
test_1520.jpg,Highway
test_1521.jpg,Highway
test_1522.jpg,Highway
test_1523.jpg,Highway
test_1524.jpg,Highway
test_1525.jpg,Highway
test_1526.jpg,Highway
test_1527.jpg,Highway
test_1528.jpg,Highway
test_1529.jpg,Highway
test_153.jpg,AnnualCrop
test_1530.jpg,Highway
test_1531.jpg,Highway
test_1532.jpg,Highway
test_1533.jpg,Highway
test_1534.jpg,Highway
test_1535.jpg,Highway
test_1536.jpg,Highway
test_1537.jpg,Highway
test_1538.jpg,Highway
test_1539.jpg,Highway
test_154.jpg,AnnualCrop
test_1540.jpg,Highway
test_1541.jpg,Highway
test_1542.jpg,Highway
test_1543.jpg,Highway
test_1544.jpg,Highway
test_1545.jpg,Highway
test_1546.jpg,Highway
test_1547.jpg,Highway
test_1548.jpg,River
test_1549.jpg,Highway
test_155.jpg,AnnualCrop
test_1550.jpg,Highway
test_1551.jpg,Highway
test_1552.jpg,Highway
test_1553.jpg,Highway
test_1554.jpg,Highway
test_1555.jpg,Highway
test_1556.jpg,Highway
test_1557.jpg,River
test_1558.jpg,Highway
test_1559.jpg,Highway
test_156.jpg,AnnualCrop
test_1560.jpg,Highway
test_1561.jpg,Highway
test_1562.jpg,Highway
test_1563.jpg,Highway
test_1564.jpg,Highway
test_1565.jpg,Highway
test_1566.jpg,Highway
test_1567.jpg,Highway
test_1568.jpg,Highway
test_1569.jpg,Highway
test_157.jpg,AnnualCrop
test_1570.jpg,Highway
test_1571.jpg,Highway
test_1572.jpg,Highway
test_1573.jpg,Highway
test_1574.jpg,Highway
test_1575.jpg,Highway
test_1576.jpg,Highway
test_1577.jpg,Highway
test_1578.jpg,Highway
test_1579.jpg,Highway
test_158.jpg,AnnualCrop
test_1580.jpg,Highway
test_1581.jpg,Highway
test_1582.jpg,Highway
test_1583.jpg,Highway
test_1584.jpg,Highway
test_1585.jpg,Highway
test_1586.jpg,Highway
test_1587.jpg,Highway
test_1588.jpg,Highway
test_1589.jpg,Highway
test_159.jpg,AnnualCrop
test_1590.jpg,Highway
test_1591.jpg,Highway
test_1592.jpg,Highway
test_1593.jpg,Highway
test_1594.jpg,Highway
test_1595.jpg,Highway
test_1596.jpg,Highway
test_1597.jpg,Highway
test_1598.jpg,Highway
test_1599.jpg,Highway
test_16.jpg,AnnualCrop
test_160.jpg,AnnualCrop
test_1600.jpg,Highway
test_1601.jpg,Highway
test_1602.jpg,Highway
test_1603.jpg,Highway
test_1604.jpg,Highway
test_1605.jpg,Highway
test_1606.jpg,Highway
test_1607.jpg,Highway
test_1608.jpg,Highway
test_1609.jpg,Highway
test_161.jpg,AnnualCrop
test_1610.jpg,Highway
test_1611.jpg,Highway
test_1612.jpg,Highway
test_1613.jpg,Highway
test_1614.jpg,Highway
test_1615.jpg,Highway
test_1616.jpg,Highway
test_1617.jpg,Highway
test_1618.jpg,Highway
test_1619.jpg,Highway
test_162.jpg,AnnualCrop
test_1620.jpg,Highway
test_1621.jpg,Highway
test_1622.jpg,Highway
test_1623.jpg,Highway
test_1624.jpg,Highway
test_1625.jpg,Highway
test_1626.jpg,Highway
test_1627.jpg,Highway
test_1628.jpg,Highway
test_1629.jpg,Highway
test_163.jpg,AnnualCrop
test_1630.jpg,Highway
test_1631.jpg,Highway
test_1632.jpg,Highway
test_1633.jpg,Highway
test_1634.jpg,Highway
test_1635.jpg,Highway
test_1636.jpg,Highway
test_1637.jpg,Highway
test_1638.jpg,Highway
test_1639.jpg,Highway
test_164.jpg,AnnualCrop
test_1640.jpg,Highway
test_1641.jpg,Highway
test_1642.jpg,Highway
test_1643.jpg,Highway
test_1644.jpg,Highway
test_1645.jpg,Highway
test_1646.jpg,Highway
test_1647.jpg,Highway
test_1648.jpg,Highway
test_1649.jpg,Highway
test_165.jpg,AnnualCrop
test_1650.jpg,Highway
test_1651.jpg,Highway
test_1652.jpg,Highway
test_1653.jpg,Highway
test_1654.jpg,Highway
test_1655.jpg,Highway
test_1656.jpg,Highway
test_1657.jpg,Highway
test_1658.jpg,Highway
test_1659.jpg,Highway
test_166.jpg,AnnualCrop
test_1660.jpg,River
test_1661.jpg,Highway
test_1662.jpg,Highway
test_1663.jpg,Highway
test_1664.jpg,AnnualCrop
test_1665.jpg,Highway
test_1666.jpg,Highway
test_1667.jpg,Highway
test_1668.jpg,Highway
test_1669.jpg,Highway
test_167.jpg,AnnualCrop
test_1670.jpg,Highway
test_1671.jpg,Highway
test_1672.jpg,Highway
test_1673.jpg,Highway
test_1674.jpg,Highway
test_1675.jpg,Highway
test_1676.jpg,Highway
test_1677.jpg,Highway
test_1678.jpg,Highway
test_1679.jpg,Highway
test_168.jpg,AnnualCrop
test_1680.jpg,Highway
test_1681.jpg,Highway
test_1682.jpg,Highway
test_1683.jpg,Highway
test_1684.jpg,Highway
test_1685.jpg,Highway
test_1686.jpg,Highway
test_1687.jpg,Highway
test_1688.jpg,Highway
test_1689.jpg,Highway
test_169.jpg,AnnualCrop
test_1690.jpg,Highway
test_1691.jpg,Highway
test_1692.jpg,Highway
test_1693.jpg,Highway
test_1694.jpg,Highway
test_1695.jpg,Highway
test_1696.jpg,Highway
test_1697.jpg,Highway
test_1698.jpg,Highway
test_1699.jpg,Highway
test_17.jpg,AnnualCrop
test_170.jpg,AnnualCrop
test_1700.jpg,Highway
test_1701.jpg,Highway
test_1702.jpg,Highway
test_1703.jpg,Highway
test_1704.jpg,Highway
test_1705.jpg,Highway
test_1706.jpg,Highway
test_1707.jpg,Highway
test_1708.jpg,Highway
test_1709.jpg,Highway
test_171.jpg,AnnualCrop
test_1710.jpg,Highway
test_1711.jpg,Highway
test_1712.jpg,Highway
test_1713.jpg,Highway
test_1714.jpg,Highway
test_1715.jpg,Highway
test_1716.jpg,Highway
test_1717.jpg,Highway
test_1718.jpg,Highway
test_1719.jpg,Highway
test_172.jpg,AnnualCrop
test_1720.jpg,River
test_1721.jpg,Highway
test_1722.jpg,Highway
test_1723.jpg,Highway
test_1724.jpg,Highway
test_1725.jpg,Highway
test_1726.jpg,Industrial
test_1727.jpg,Industrial
test_1728.jpg,Industrial
test_1729.jpg,Industrial
test_173.jpg,AnnualCrop
test_1730.jpg,Industrial
test_1731.jpg,Industrial
test_1732.jpg,Industrial
test_1733.jpg,Industrial
test_1734.jpg,Industrial
test_1735.jpg,Industrial
test_1736.jpg,Industrial
test_1737.jpg,Industrial
test_1738.jpg,Industrial
test_1739.jpg,Industrial
test_174.jpg,AnnualCrop
test_1740.jpg,Industrial
test_1741.jpg,Industrial
test_1742.jpg,Industrial
test_1743.jpg,Industrial
test_1744.jpg,Industrial
test_1745.jpg,Industrial
test_1746.jpg,Industrial
test_1747.jpg,Industrial
test_1748.jpg,Industrial
test_1749.jpg,Industrial
test_175.jpg,AnnualCrop
test_1750.jpg,Industrial
test_1751.jpg,Industrial
test_1752.jpg,Industrial
test_1753.jpg,Industrial
test_1754.jpg,Industrial
test_1755.jpg,Industrial
test_1756.jpg,Industrial
test_1757.jpg,Industrial
test_1758.jpg,Industrial
test_1759.jpg,Industrial
test_176.jpg,AnnualCrop
test_1760.jpg,Industrial
test_1761.jpg,Industrial
test_1762.jpg,Industrial
test_1763.jpg,Industrial
test_1764.jpg,Industrial
test_1765.jpg,Industrial
test_1766.jpg,Industrial
test_1767.jpg,Industrial
test_1768.jpg,Industrial
test_1769.jpg,Industrial
test_177.jpg,PermanentCrop
test_1770.jpg,Industrial
test_1771.jpg,Industrial
test_1772.jpg,Industrial
test_1773.jpg,Industrial
test_1774.jpg,Industrial
test_1775.jpg,Industrial
test_1776.jpg,Industrial
test_1777.jpg,Industrial
test_1778.jpg,Industrial
test_1779.jpg,Industrial
test_178.jpg,AnnualCrop
test_1780.jpg,Industrial
test_1781.jpg,Industrial
test_1782.jpg,Industrial
test_1783.jpg,Industrial
test_1784.jpg,Industrial
test_1785.jpg,Industrial
test_1786.jpg,Industrial
test_1787.jpg,Industrial
test_1788.jpg,Industrial
test_1789.jpg,Industrial
test_179.jpg,AnnualCrop
test_1790.jpg,Industrial
test_1791.jpg,Industrial
test_1792.jpg,Industrial
test_1793.jpg,Industrial
test_1794.jpg,Industrial
test_1795.jpg,Industrial
test_1796.jpg,Industrial
test_1797.jpg,Industrial
test_1798.jpg,Industrial
test_1799.jpg,Industrial
test_18.jpg,AnnualCrop
test_180.jpg,AnnualCrop
test_1800.jpg,Industrial
test_1801.jpg,Industrial
test_1802.jpg,Industrial
test_1803.jpg,Industrial
test_1804.jpg,Industrial
test_1805.jpg,Industrial
test_1806.jpg,Industrial
test_1807.jpg,Industrial
test_1808.jpg,Industrial
test_1809.jpg,Industrial
test_181.jpg,AnnualCrop
test_1810.jpg,Industrial
test_1811.jpg,Industrial
test_1812.jpg,Industrial
test_1813.jpg,Industrial
test_1814.jpg,Industrial
test_1815.jpg,Industrial
test_1816.jpg,Industrial
test_1817.jpg,Industrial
test_1818.jpg,Industrial
test_1819.jpg,Industrial
test_182.jpg,AnnualCrop
test_1820.jpg,Industrial
test_1821.jpg,Industrial
test_1822.jpg,Industrial
test_1823.jpg,Industrial
test_1824.jpg,Highway
test_1825.jpg,Industrial
test_1826.jpg,Industrial
test_1827.jpg,Industrial
test_1828.jpg,Industrial
test_1829.jpg,Industrial
test_183.jpg,AnnualCrop
test_1830.jpg,Industrial
test_1831.jpg,Industrial
test_1832.jpg,Industrial
test_1833.jpg,Industrial
test_1834.jpg,Industrial
test_1835.jpg,Industrial
test_1836.jpg,Industrial
test_1837.jpg,Industrial
test_1838.jpg,PermanentCrop
test_1839.jpg,Industrial
test_184.jpg,AnnualCrop
test_1840.jpg,Industrial
test_1841.jpg,Industrial
test_1842.jpg,Industrial
test_1843.jpg,Industrial
test_1844.jpg,Industrial
test_1845.jpg,Industrial
test_1846.jpg,Industrial
test_1847.jpg,Industrial
test_1848.jpg,Industrial
test_1849.jpg,Industrial
test_185.jpg,AnnualCrop
test_1850.jpg,Industrial
test_1851.jpg,Industrial
test_1852.jpg,Industrial
test_1853.jpg,Industrial
test_1854.jpg,Industrial
test_1855.jpg,Industrial
test_1856.jpg,Industrial
test_1857.jpg,Industrial
test_1858.jpg,Industrial
test_1859.jpg,Industrial
test_186.jpg,AnnualCrop
test_1860.jpg,Industrial
test_1861.jpg,Industrial
test_1862.jpg,Industrial
test_1863.jpg,Industrial
test_1864.jpg,Industrial
test_1865.jpg,Industrial
test_1866.jpg,Industrial
test_1867.jpg,Industrial
test_1868.jpg,Industrial
test_1869.jpg,Industrial
test_187.jpg,AnnualCrop
test_1870.jpg,Industrial
test_1871.jpg,Industrial
test_1872.jpg,Industrial
test_1873.jpg,Industrial
test_1874.jpg,Industrial
test_1875.jpg,Industrial
test_1876.jpg,Industrial
test_1877.jpg,Industrial
test_1878.jpg,Industrial
test_1879.jpg,Industrial
test_188.jpg,AnnualCrop
test_1880.jpg,Industrial
test_1881.jpg,Industrial
test_1882.jpg,Industrial
test_1883.jpg,Industrial
test_1884.jpg,Industrial
test_1885.jpg,Industrial
test_1886.jpg,Industrial
test_1887.jpg,Industrial
test_1888.jpg,Industrial
test_1889.jpg,Industrial
test_189.jpg,AnnualCrop
test_1890.jpg,Industrial
test_1891.jpg,Industrial
test_1892.jpg,Industrial
test_1893.jpg,Industrial
test_1894.jpg,Industrial
test_1895.jpg,Industrial
test_1896.jpg,Industrial
test_1897.jpg,Industrial
test_1898.jpg,Industrial
test_1899.jpg,Industrial
test_19.jpg,PermanentCrop
test_190.jpg,AnnualCrop
test_1900.jpg,Industrial
test_1901.jpg,Industrial
test_1902.jpg,Industrial
test_1903.jpg,Industrial
test_1904.jpg,Industrial
test_1905.jpg,Industrial
test_1906.jpg,Industrial
test_1907.jpg,Industrial
test_1908.jpg,Industrial
test_1909.jpg,Industrial
test_191.jpg,AnnualCrop
test_1910.jpg,Industrial
test_1911.jpg,Industrial
test_1912.jpg,Industrial
test_1913.jpg,Industrial
test_1914.jpg,Industrial
test_1915.jpg,Industrial
test_1916.jpg,Industrial
test_1917.jpg,Industrial
test_1918.jpg,Industrial
test_1919.jpg,Industrial
test_192.jpg,AnnualCrop
test_1920.jpg,Industrial
test_1921.jpg,Industrial
test_1922.jpg,Industrial
test_1923.jpg,Industrial
test_1924.jpg,Industrial
test_1925.jpg,Industrial
test_1926.jpg,Industrial
test_1927.jpg,Industrial
test_1928.jpg,Industrial
test_1929.jpg,Industrial
test_193.jpg,AnnualCrop
test_1930.jpg,Industrial
test_1931.jpg,Industrial
test_1932.jpg,Industrial
test_1933.jpg,Industrial
test_1934.jpg,Industrial
test_1935.jpg,Industrial
test_1936.jpg,Industrial
test_1937.jpg,Industrial
test_1938.jpg,Industrial
test_1939.jpg,Industrial
test_194.jpg,AnnualCrop
test_1940.jpg,Industrial
test_1941.jpg,Industrial
test_1942.jpg,Industrial
test_1943.jpg,Industrial
test_1944.jpg,Industrial
test_1945.jpg,Industrial
test_1946.jpg,Industrial
test_1947.jpg,Industrial
test_1948.jpg,Industrial
test_1949.jpg,Industrial
test_195.jpg,AnnualCrop
test_1950.jpg,Industrial
test_1951.jpg,Industrial
test_1952.jpg,Industrial
test_1953.jpg,Industrial
test_1954.jpg,Industrial
test_1955.jpg,Industrial
test_1956.jpg,Industrial
test_1957.jpg,Industrial
test_1958.jpg,Industrial
test_1959.jpg,Industrial
test_196.jpg,AnnualCrop
test_1960.jpg,Industrial
test_1961.jpg,Industrial
test_1962.jpg,Industrial
test_1963.jpg,Industrial
test_1964.jpg,Industrial
test_1965.jpg,Industrial
test_1966.jpg,Industrial
test_1967.jpg,Industrial
test_1968.jpg,Industrial
test_1969.jpg,Industrial
test_197.jpg,AnnualCrop
test_1970.jpg,Industrial
test_1971.jpg,Industrial
test_1972.jpg,Industrial
test_1973.jpg,Industrial
test_1974.jpg,Industrial
test_1975.jpg,Industrial
test_1976.jpg,Industrial
test_1977.jpg,Industrial
test_1978.jpg,Industrial
test_1979.jpg,Industrial
test_198.jpg,AnnualCrop
test_1980.jpg,Industrial
test_1981.jpg,Industrial
test_1982.jpg,Industrial
test_1983.jpg,Industrial
test_1984.jpg,Industrial
test_1985.jpg,Industrial
test_1986.jpg,Industrial
test_1987.jpg,Industrial
test_1988.jpg,Industrial
test_1989.jpg,Industrial
test_199.jpg,AnnualCrop
test_1990.jpg,Industrial
test_1991.jpg,Industrial
test_1992.jpg,Industrial
test_1993.jpg,Industrial
test_1994.jpg,Industrial
test_1995.jpg,Industrial
test_1996.jpg,Industrial
test_1997.jpg,Industrial
test_1998.jpg,Industrial
test_1999.jpg,Industrial
test_2.jpg,AnnualCrop
test_20.jpg,AnnualCrop
test_200.jpg,AnnualCrop
test_2000.jpg,Industrial
test_2001.jpg,Industrial
test_2002.jpg,Industrial
test_2003.jpg,Industrial
test_2004.jpg,Industrial
test_2005.jpg,Highway
test_2006.jpg,Industrial
test_2007.jpg,Industrial
test_2008.jpg,Industrial
test_2009.jpg,Industrial
test_201.jpg,AnnualCrop
test_2010.jpg,Industrial
test_2011.jpg,Industrial
test_2012.jpg,Industrial
test_2013.jpg,Industrial
test_2014.jpg,Industrial
test_2015.jpg,Industrial
test_2016.jpg,Industrial
test_2017.jpg,Industrial
test_2018.jpg,Industrial
test_2019.jpg,Industrial
test_202.jpg,AnnualCrop
test_2020.jpg,Industrial
test_2021.jpg,Industrial
test_2022.jpg,Industrial
test_2023.jpg,Industrial
test_2024.jpg,Industrial
test_2025.jpg,Industrial
test_2026.jpg,Industrial
test_2027.jpg,Industrial
test_2028.jpg,Industrial
test_2029.jpg,Industrial
test_203.jpg,AnnualCrop
test_2030.jpg,Industrial
test_2031.jpg,Industrial
test_2032.jpg,Industrial
test_2033.jpg,Industrial
test_2034.jpg,Industrial
test_2035.jpg,Industrial
test_2036.jpg,Industrial
test_2037.jpg,Industrial
test_2038.jpg,Industrial
test_2039.jpg,Industrial
test_204.jpg,AnnualCrop
test_2040.jpg,Industrial
test_2041.jpg,Industrial
test_2042.jpg,Industrial
test_2043.jpg,Industrial
test_2044.jpg,Industrial
test_2045.jpg,Industrial
test_2046.jpg,Industrial
test_2047.jpg,Industrial
test_2048.jpg,Industrial
test_2049.jpg,Industrial
test_205.jpg,AnnualCrop
test_2050.jpg,Industrial
test_2051.jpg,Industrial
test_2052.jpg,Industrial
test_2053.jpg,Industrial
test_2054.jpg,Industrial
test_2055.jpg,Industrial
test_2056.jpg,Industrial
test_2057.jpg,Industrial
test_2058.jpg,Industrial
test_2059.jpg,Industrial
test_206.jpg,AnnualCrop
test_2060.jpg,Industrial
test_2061.jpg,Industrial
test_2062.jpg,Industrial
test_2063.jpg,Industrial
test_2064.jpg,Industrial
test_2065.jpg,Industrial
test_2066.jpg,Industrial
test_2067.jpg,Industrial
test_2068.jpg,Industrial
test_2069.jpg,Industrial
test_207.jpg,AnnualCrop
test_2070.jpg,Industrial
test_2071.jpg,Industrial
test_2072.jpg,PermanentCrop
test_2073.jpg,Industrial
test_2074.jpg,Industrial
test_2075.jpg,Industrial
test_2076.jpg,Industrial
test_2077.jpg,Industrial
test_2078.jpg,Industrial
test_2079.jpg,Industrial
test_208.jpg,AnnualCrop
test_2080.jpg,Industrial
test_2081.jpg,Industrial
test_2082.jpg,Industrial
test_2083.jpg,Industrial
test_2084.jpg,Industrial
test_2085.jpg,Industrial
test_2086.jpg,Industrial
test_2087.jpg,Industrial
test_2088.jpg,Industrial
test_2089.jpg,Industrial
test_209.jpg,AnnualCrop
test_2090.jpg,Industrial
test_2091.jpg,Industrial
test_2092.jpg,Industrial
test_2093.jpg,Industrial
test_2094.jpg,Industrial
test_2095.jpg,Industrial
test_2096.jpg,Industrial
test_2097.jpg,Industrial
test_2098.jpg,Industrial
test_2099.jpg,Industrial
test_21.jpg,AnnualCrop
test_210.jpg,AnnualCrop
test_2100.jpg,Industrial
test_2101.jpg,Pasture
test_2102.jpg,Pasture
test_2103.jpg,Pasture
test_2104.jpg,AnnualCrop
test_2105.jpg,Pasture
test_2106.jpg,Pasture
test_2107.jpg,Pasture
test_2108.jpg,Pasture
test_2109.jpg,Pasture
test_211.jpg,AnnualCrop
test_2110.jpg,Pasture
test_2111.jpg,Pasture
test_2112.jpg,Pasture
test_2113.jpg,Pasture
test_2114.jpg,Pasture
test_2115.jpg,Pasture
test_2116.jpg,Pasture
test_2117.jpg,Pasture
test_2118.jpg,Pasture
test_2119.jpg,Pasture
test_212.jpg,AnnualCrop
test_2120.jpg,Pasture
test_2121.jpg,Pasture
test_2122.jpg,Pasture
test_2123.jpg,AnnualCrop
test_2124.jpg,Pasture
test_2125.jpg,Pasture
test_2126.jpg,Pasture
test_2127.jpg,Pasture
test_2128.jpg,Pasture
test_2129.jpg,Pasture
test_213.jpg,AnnualCrop
test_2130.jpg,Pasture
test_2131.jpg,Pasture
test_2132.jpg,Pasture
test_2133.jpg,Pasture
test_2134.jpg,Pasture
test_2135.jpg,Pasture
test_2136.jpg,Pasture
test_2137.jpg,Pasture
test_2138.jpg,Pasture
test_2139.jpg,Pasture
test_214.jpg,AnnualCrop
test_2140.jpg,Pasture
test_2141.jpg,Pasture
test_2142.jpg,Pasture
test_2143.jpg,Pasture
test_2144.jpg,Pasture
test_2145.jpg,Pasture
test_2146.jpg,Pasture
test_2147.jpg,Pasture
test_2148.jpg,Pasture
test_2149.jpg,Pasture
test_215.jpg,AnnualCrop
test_2150.jpg,Pasture
test_2151.jpg,Pasture
test_2152.jpg,Pasture
test_2153.jpg,Pasture
test_2154.jpg,Pasture
test_2155.jpg,Pasture
test_2156.jpg,Pasture
test_2157.jpg,Pasture
test_2158.jpg,Pasture
test_2159.jpg,Pasture
test_216.jpg,AnnualCrop
test_2160.jpg,Pasture
test_2161.jpg,Pasture
test_2162.jpg,Pasture
test_2163.jpg,Pasture
test_2164.jpg,Pasture
test_2165.jpg,Pasture
test_2166.jpg,Pasture
test_2167.jpg,Pasture
test_2168.jpg,AnnualCrop
test_2169.jpg,Pasture
test_217.jpg,AnnualCrop
test_2170.jpg,Pasture
test_2171.jpg,Pasture
test_2172.jpg,Pasture
test_2173.jpg,Pasture
test_2174.jpg,Pasture
test_2175.jpg,Pasture
test_2176.jpg,Pasture
test_2177.jpg,Pasture
test_2178.jpg,Pasture
test_2179.jpg,Pasture
test_218.jpg,AnnualCrop
test_2180.jpg,Pasture
test_2181.jpg,Pasture
test_2182.jpg,AnnualCrop
test_2183.jpg,Pasture
test_2184.jpg,AnnualCrop
test_2185.jpg,Pasture
test_2186.jpg,Pasture
test_2187.jpg,AnnualCrop
test_2188.jpg,Pasture
test_2189.jpg,Pasture
test_219.jpg,AnnualCrop
test_2190.jpg,Pasture
test_2191.jpg,Pasture
test_2192.jpg,Pasture
test_2193.jpg,Pasture
test_2194.jpg,Pasture
test_2195.jpg,Pasture
test_2196.jpg,Pasture
test_2197.jpg,Pasture
test_2198.jpg,Pasture
test_2199.jpg,Pasture
test_22.jpg,AnnualCrop
test_220.jpg,AnnualCrop
test_2200.jpg,Pasture
test_2201.jpg,Pasture
test_2202.jpg,Pasture
test_2203.jpg,Pasture
test_2204.jpg,Pasture
test_2205.jpg,Pasture
test_2206.jpg,Pasture
test_2207.jpg,Pasture
test_2208.jpg,Pasture
test_2209.jpg,Pasture
test_221.jpg,AnnualCrop
test_2210.jpg,Pasture
test_2211.jpg,Pasture
test_2212.jpg,Pasture
test_2213.jpg,Pasture
test_2214.jpg,Pasture
test_2215.jpg,Pasture
test_2216.jpg,Pasture
test_2217.jpg,Pasture
test_2218.jpg,Pasture
test_2219.jpg,Pasture
test_222.jpg,AnnualCrop
test_2220.jpg,Pasture
test_2221.jpg,Pasture
test_2222.jpg,Pasture
test_2223.jpg,Pasture
test_2224.jpg,Pasture
test_2225.jpg,Pasture
test_2226.jpg,Pasture
test_2227.jpg,Pasture
test_2228.jpg,Pasture
test_2229.jpg,Pasture
test_223.jpg,AnnualCrop
test_2230.jpg,Pasture
test_2231.jpg,Pasture
test_2232.jpg,Pasture
test_2233.jpg,PermanentCrop
test_2234.jpg,Pasture
test_2235.jpg,Pasture
test_2236.jpg,Pasture
test_2237.jpg,Pasture
test_2238.jpg,Pasture
test_2239.jpg,Pasture
test_224.jpg,AnnualCrop
test_2240.jpg,Pasture
test_2241.jpg,Pasture
test_2242.jpg,Pasture
test_2243.jpg,Pasture
test_2244.jpg,Pasture
test_2245.jpg,Pasture
test_2246.jpg,Pasture
test_2247.jpg,Pasture
test_2248.jpg,Pasture
test_2249.jpg,Pasture
test_225.jpg,AnnualCrop
test_2250.jpg,Pasture
test_2251.jpg,Pasture
test_2252.jpg,Pasture
test_2253.jpg,Pasture
test_2254.jpg,Pasture
test_2255.jpg,Pasture
test_2256.jpg,Pasture
test_2257.jpg,Pasture
test_2258.jpg,Pasture
test_2259.jpg,Pasture
test_226.jpg,AnnualCrop
test_2260.jpg,Pasture
test_2261.jpg,Pasture
test_2262.jpg,Pasture
test_2263.jpg,Pasture
test_2264.jpg,Pasture
test_2265.jpg,Pasture
test_2266.jpg,Pasture
test_2267.jpg,Pasture
test_2268.jpg,Pasture
test_2269.jpg,Pasture
test_227.jpg,AnnualCrop
test_2270.jpg,Pasture
test_2271.jpg,Pasture
test_2272.jpg,Pasture
test_2273.jpg,Pasture
test_2274.jpg,Pasture
test_2275.jpg,Pasture
test_2276.jpg,Pasture
test_2277.jpg,Pasture
test_2278.jpg,Pasture
test_2279.jpg,Pasture
test_228.jpg,AnnualCrop
test_2280.jpg,AnnualCrop
test_2281.jpg,Pasture
test_2282.jpg,Pasture
test_2283.jpg,Pasture
test_2284.jpg,Pasture
test_2285.jpg,Pasture
test_2286.jpg,Pasture
test_2287.jpg,Pasture
test_2288.jpg,Pasture
test_2289.jpg,Pasture
test_229.jpg,AnnualCrop
test_2290.jpg,Pasture
test_2291.jpg,Pasture
test_2292.jpg,Pasture
test_2293.jpg,Pasture
test_2294.jpg,Pasture
test_2295.jpg,Pasture
test_2296.jpg,Pasture
test_2297.jpg,AnnualCrop
test_2298.jpg,Pasture
test_2299.jpg,Pasture
test_23.jpg,AnnualCrop
test_230.jpg,AnnualCrop
test_2300.jpg,Pasture
test_2301.jpg,AnnualCrop
test_2302.jpg,Pasture
test_2303.jpg,Pasture
test_2304.jpg,Pasture
test_2305.jpg,Pasture
test_2306.jpg,Pasture
test_2307.jpg,Pasture
test_2308.jpg,Pasture
test_2309.jpg,Pasture
test_231.jpg,AnnualCrop
test_2310.jpg,Pasture
test_2311.jpg,Pasture
test_2312.jpg,Pasture
test_2313.jpg,Pasture
test_2314.jpg,Pasture
test_2315.jpg,Pasture
test_2316.jpg,Pasture
test_2317.jpg,Pasture
test_2318.jpg,Pasture
test_2319.jpg,Pasture
test_232.jpg,AnnualCrop
test_2320.jpg,Pasture
test_2321.jpg,Pasture
test_2322.jpg,Pasture
test_2323.jpg,Pasture
test_2324.jpg,Pasture
test_2325.jpg,Pasture
test_2326.jpg,AnnualCrop
test_2327.jpg,Pasture
test_2328.jpg,Pasture
test_2329.jpg,Pasture
test_233.jpg,AnnualCrop
test_2330.jpg,Pasture
test_2331.jpg,Pasture
test_2332.jpg,Pasture
test_2333.jpg,Pasture
test_2334.jpg,Pasture
test_2335.jpg,Pasture
test_2336.jpg,AnnualCrop
test_2337.jpg,Pasture
test_2338.jpg,Pasture
test_2339.jpg,Forest
test_234.jpg,AnnualCrop
test_2340.jpg,Pasture
test_2341.jpg,Pasture
test_2342.jpg,Pasture
test_2343.jpg,Pasture
test_2344.jpg,Pasture
test_2345.jpg,Pasture
test_2346.jpg,Pasture
test_2347.jpg,Pasture
test_2348.jpg,Pasture
test_2349.jpg,Pasture
test_235.jpg,AnnualCrop
test_2350.jpg,Pasture
test_2351.jpg,Pasture
test_2352.jpg,Pasture
test_2353.jpg,Pasture
test_2354.jpg,Pasture
test_2355.jpg,Pasture
test_2356.jpg,Pasture
test_2357.jpg,Pasture
test_2358.jpg,Pasture
test_2359.jpg,Pasture
test_236.jpg,AnnualCrop
test_2360.jpg,Pasture
test_2361.jpg,Pasture
test_2362.jpg,Pasture
test_2363.jpg,Pasture
test_2364.jpg,Pasture
test_2365.jpg,Pasture
test_2366.jpg,Pasture
test_2367.jpg,Pasture
test_2368.jpg,Pasture
test_2369.jpg,Pasture
test_237.jpg,AnnualCrop
test_2370.jpg,Pasture
test_2371.jpg,Pasture
test_2372.jpg,Pasture
test_2373.jpg,Pasture
test_2374.jpg,PermanentCrop
test_2375.jpg,Pasture
test_2376.jpg,Pasture
test_2377.jpg,Pasture
test_2378.jpg,Pasture
test_2379.jpg,Pasture
test_238.jpg,AnnualCrop
test_2380.jpg,Pasture
test_2381.jpg,Pasture
test_2382.jpg,Pasture
test_2383.jpg,AnnualCrop
test_2384.jpg,Pasture
test_2385.jpg,Pasture
test_2386.jpg,Pasture
test_2387.jpg,Pasture
test_2388.jpg,Pasture
test_2389.jpg,Pasture
test_239.jpg,AnnualCrop
test_2390.jpg,Pasture
test_2391.jpg,Pasture
test_2392.jpg,Pasture
test_2393.jpg,Pasture
test_2394.jpg,Pasture
test_2395.jpg,Pasture
test_2396.jpg,Pasture
test_2397.jpg,Pasture
test_2398.jpg,Pasture
test_2399.jpg,AnnualCrop
test_24.jpg,AnnualCrop
test_240.jpg,AnnualCrop
test_2400.jpg,Pasture
test_2401.jpg,PermanentCrop
test_2402.jpg,PermanentCrop
test_2403.jpg,PermanentCrop
test_2404.jpg,PermanentCrop
test_2405.jpg,PermanentCrop
test_2406.jpg,PermanentCrop
test_2407.jpg,PermanentCrop
test_2408.jpg,PermanentCrop
test_2409.jpg,PermanentCrop
test_241.jpg,AnnualCrop
test_2410.jpg,PermanentCrop
test_2411.jpg,PermanentCrop
test_2412.jpg,PermanentCrop
test_2413.jpg,PermanentCrop
test_2414.jpg,PermanentCrop
test_2415.jpg,PermanentCrop
test_2416.jpg,PermanentCrop
test_2417.jpg,PermanentCrop
test_2418.jpg,PermanentCrop
test_2419.jpg,PermanentCrop
test_242.jpg,AnnualCrop
test_2420.jpg,PermanentCrop
test_2421.jpg,PermanentCrop
test_2422.jpg,PermanentCrop
test_2423.jpg,PermanentCrop
test_2424.jpg,PermanentCrop
test_2425.jpg,PermanentCrop
test_2426.jpg,PermanentCrop
test_2427.jpg,PermanentCrop
test_2428.jpg,PermanentCrop
test_2429.jpg,PermanentCrop
test_243.jpg,AnnualCrop
test_2430.jpg,PermanentCrop
test_2431.jpg,PermanentCrop
test_2432.jpg,PermanentCrop
test_2433.jpg,PermanentCrop
test_2434.jpg,PermanentCrop
test_2435.jpg,PermanentCrop
test_2436.jpg,PermanentCrop
test_2437.jpg,PermanentCrop
test_2438.jpg,PermanentCrop
test_2439.jpg,PermanentCrop
test_244.jpg,AnnualCrop
test_2440.jpg,PermanentCrop
test_2441.jpg,PermanentCrop
test_2442.jpg,PermanentCrop
test_2443.jpg,PermanentCrop
test_2444.jpg,PermanentCrop
test_2445.jpg,PermanentCrop
test_2446.jpg,PermanentCrop
test_2447.jpg,PermanentCrop
test_2448.jpg,PermanentCrop
test_2449.jpg,PermanentCrop
test_245.jpg,AnnualCrop
test_2450.jpg,PermanentCrop
test_2451.jpg,PermanentCrop
test_2452.jpg,PermanentCrop
test_2453.jpg,PermanentCrop
test_2454.jpg,PermanentCrop
test_2455.jpg,PermanentCrop
test_2456.jpg,PermanentCrop
test_2457.jpg,PermanentCrop
test_2458.jpg,PermanentCrop
test_2459.jpg,PermanentCrop
test_246.jpg,AnnualCrop
test_2460.jpg,PermanentCrop
test_2461.jpg,PermanentCrop
test_2462.jpg,PermanentCrop
test_2463.jpg,PermanentCrop
test_2464.jpg,PermanentCrop
test_2465.jpg,PermanentCrop
test_2466.jpg,PermanentCrop
test_2467.jpg,PermanentCrop
test_2468.jpg,PermanentCrop
test_2469.jpg,PermanentCrop
test_247.jpg,AnnualCrop
test_2470.jpg,PermanentCrop
test_2471.jpg,PermanentCrop
test_2472.jpg,PermanentCrop
test_2473.jpg,PermanentCrop
test_2474.jpg,PermanentCrop
test_2475.jpg,PermanentCrop
test_2476.jpg,PermanentCrop
test_2477.jpg,PermanentCrop
test_2478.jpg,PermanentCrop
test_2479.jpg,PermanentCrop
test_248.jpg,AnnualCrop
test_2480.jpg,PermanentCrop
test_2481.jpg,PermanentCrop
test_2482.jpg,PermanentCrop
test_2483.jpg,PermanentCrop
test_2484.jpg,PermanentCrop
test_2485.jpg,PermanentCrop
test_2486.jpg,PermanentCrop
test_2487.jpg,PermanentCrop
test_2488.jpg,PermanentCrop
test_2489.jpg,PermanentCrop
test_249.jpg,AnnualCrop
test_2490.jpg,PermanentCrop
test_2491.jpg,HerbaceousVegetation
test_2492.jpg,PermanentCrop
test_2493.jpg,PermanentCrop
test_2494.jpg,PermanentCrop
test_2495.jpg,PermanentCrop
test_2496.jpg,PermanentCrop
test_2497.jpg,PermanentCrop
test_2498.jpg,PermanentCrop
test_2499.jpg,PermanentCrop
test_25.jpg,AnnualCrop
test_250.jpg,AnnualCrop
test_2500.jpg,PermanentCrop
test_2501.jpg,PermanentCrop
test_2502.jpg,PermanentCrop
test_2503.jpg,PermanentCrop
test_2504.jpg,PermanentCrop
test_2505.jpg,PermanentCrop
test_2506.jpg,PermanentCrop
test_2507.jpg,PermanentCrop
test_2508.jpg,PermanentCrop
test_2509.jpg,PermanentCrop
test_251.jpg,AnnualCrop
test_2510.jpg,PermanentCrop
test_2511.jpg,PermanentCrop
test_2512.jpg,PermanentCrop
test_2513.jpg,PermanentCrop
test_2514.jpg,PermanentCrop
test_2515.jpg,PermanentCrop
test_2516.jpg,AnnualCrop
test_2517.jpg,PermanentCrop
test_2518.jpg,PermanentCrop
test_2519.jpg,PermanentCrop
test_252.jpg,AnnualCrop
test_2520.jpg,PermanentCrop
test_2521.jpg,AnnualCrop
test_2522.jpg,PermanentCrop
test_2523.jpg,PermanentCrop
test_2524.jpg,PermanentCrop
test_2525.jpg,PermanentCrop
test_2526.jpg,PermanentCrop
test_2527.jpg,PermanentCrop
test_2528.jpg,HerbaceousVegetation
test_2529.jpg,PermanentCrop
test_253.jpg,AnnualCrop
test_2530.jpg,AnnualCrop
test_2531.jpg,PermanentCrop
test_2532.jpg,PermanentCrop
test_2533.jpg,PermanentCrop
test_2534.jpg,AnnualCrop
test_2535.jpg,PermanentCrop
test_2536.jpg,PermanentCrop
test_2537.jpg,PermanentCrop
test_2538.jpg,PermanentCrop
test_2539.jpg,PermanentCrop
test_254.jpg,AnnualCrop
test_2540.jpg,PermanentCrop
test_2541.jpg,PermanentCrop
test_2542.jpg,PermanentCrop
test_2543.jpg,PermanentCrop
test_2544.jpg,PermanentCrop
test_2545.jpg,PermanentCrop
test_2546.jpg,PermanentCrop
test_2547.jpg,PermanentCrop
test_2548.jpg,PermanentCrop
test_2549.jpg,PermanentCrop
test_255.jpg,AnnualCrop
test_2550.jpg,PermanentCrop
test_2551.jpg,PermanentCrop
test_2552.jpg,PermanentCrop
test_2553.jpg,PermanentCrop
test_2554.jpg,PermanentCrop
test_2555.jpg,HerbaceousVegetation
test_2556.jpg,PermanentCrop
test_2557.jpg,PermanentCrop
test_2558.jpg,PermanentCrop
test_2559.jpg,PermanentCrop
test_256.jpg,AnnualCrop
test_2560.jpg,PermanentCrop
test_2561.jpg,PermanentCrop
test_2562.jpg,PermanentCrop
test_2563.jpg,PermanentCrop
test_2564.jpg,PermanentCrop
test_2565.jpg,PermanentCrop
test_2566.jpg,PermanentCrop
test_2567.jpg,PermanentCrop
test_2568.jpg,PermanentCrop
test_2569.jpg,PermanentCrop
test_257.jpg,AnnualCrop
test_2570.jpg,PermanentCrop
test_2571.jpg,PermanentCrop
test_2572.jpg,PermanentCrop
test_2573.jpg,PermanentCrop
test_2574.jpg,PermanentCrop
test_2575.jpg,PermanentCrop
test_2576.jpg,PermanentCrop
test_2577.jpg,PermanentCrop
test_2578.jpg,PermanentCrop
test_2579.jpg,AnnualCrop
test_258.jpg,AnnualCrop
test_2580.jpg,PermanentCrop
test_2581.jpg,PermanentCrop
test_2582.jpg,PermanentCrop
test_2583.jpg,PermanentCrop
test_2584.jpg,PermanentCrop
test_2585.jpg,PermanentCrop
test_2586.jpg,PermanentCrop
test_2587.jpg,PermanentCrop
test_2588.jpg,PermanentCrop
test_2589.jpg,PermanentCrop
test_259.jpg,AnnualCrop
test_2590.jpg,PermanentCrop
test_2591.jpg,PermanentCrop
test_2592.jpg,PermanentCrop
test_2593.jpg,PermanentCrop
test_2594.jpg,PermanentCrop
test_2595.jpg,PermanentCrop
test_2596.jpg,PermanentCrop
test_2597.jpg,PermanentCrop
test_2598.jpg,PermanentCrop
test_2599.jpg,PermanentCrop
test_26.jpg,AnnualCrop
test_260.jpg,AnnualCrop
test_2600.jpg,PermanentCrop
test_2601.jpg,PermanentCrop
test_2602.jpg,PermanentCrop
test_2603.jpg,PermanentCrop
test_2604.jpg,PermanentCrop
test_2605.jpg,PermanentCrop
test_2606.jpg,PermanentCrop
test_2607.jpg,PermanentCrop
test_2608.jpg,PermanentCrop
test_2609.jpg,PermanentCrop
test_261.jpg,AnnualCrop
test_2610.jpg,PermanentCrop
test_2611.jpg,PermanentCrop
test_2612.jpg,PermanentCrop
test_2613.jpg,PermanentCrop
test_2614.jpg,PermanentCrop
test_2615.jpg,PermanentCrop
test_2616.jpg,PermanentCrop
test_2617.jpg,PermanentCrop
test_2618.jpg,PermanentCrop
test_2619.jpg,PermanentCrop
test_262.jpg,AnnualCrop
test_2620.jpg,PermanentCrop
test_2621.jpg,PermanentCrop
test_2622.jpg,PermanentCrop
test_2623.jpg,PermanentCrop
test_2624.jpg,PermanentCrop
test_2625.jpg,PermanentCrop
test_2626.jpg,PermanentCrop
test_2627.jpg,PermanentCrop
test_2628.jpg,PermanentCrop
test_2629.jpg,PermanentCrop
test_263.jpg,AnnualCrop
test_2630.jpg,PermanentCrop
test_2631.jpg,PermanentCrop
test_2632.jpg,PermanentCrop
test_2633.jpg,PermanentCrop
test_2634.jpg,PermanentCrop
test_2635.jpg,PermanentCrop
test_2636.jpg,PermanentCrop
test_2637.jpg,PermanentCrop
test_2638.jpg,HerbaceousVegetation
test_2639.jpg,PermanentCrop
test_264.jpg,AnnualCrop
test_2640.jpg,PermanentCrop
test_2641.jpg,PermanentCrop
test_2642.jpg,PermanentCrop
test_2643.jpg,PermanentCrop
test_2644.jpg,PermanentCrop
test_2645.jpg,PermanentCrop
test_2646.jpg,PermanentCrop
test_2647.jpg,PermanentCrop
test_2648.jpg,PermanentCrop
test_2649.jpg,PermanentCrop
test_265.jpg,AnnualCrop
test_2650.jpg,PermanentCrop
test_2651.jpg,PermanentCrop
test_2652.jpg,AnnualCrop
test_2653.jpg,PermanentCrop
test_2654.jpg,PermanentCrop
test_2655.jpg,PermanentCrop
test_2656.jpg,PermanentCrop
test_2657.jpg,PermanentCrop
test_2658.jpg,PermanentCrop
test_2659.jpg,PermanentCrop
test_266.jpg,AnnualCrop
test_2660.jpg,PermanentCrop
test_2661.jpg,PermanentCrop
test_2662.jpg,PermanentCrop
test_2663.jpg,PermanentCrop
test_2664.jpg,PermanentCrop
test_2665.jpg,PermanentCrop
test_2666.jpg,PermanentCrop
test_2667.jpg,PermanentCrop
test_2668.jpg,PermanentCrop
test_2669.jpg,PermanentCrop
test_267.jpg,AnnualCrop
test_2670.jpg,PermanentCrop
test_2671.jpg,PermanentCrop
test_2672.jpg,PermanentCrop
test_2673.jpg,AnnualCrop
test_2674.jpg,PermanentCrop
test_2675.jpg,PermanentCrop
test_2676.jpg,PermanentCrop
test_2677.jpg,PermanentCrop
test_2678.jpg,PermanentCrop
test_2679.jpg,PermanentCrop
test_268.jpg,AnnualCrop
test_2680.jpg,PermanentCrop
test_2681.jpg,PermanentCrop
test_2682.jpg,PermanentCrop
test_2683.jpg,PermanentCrop
test_2684.jpg,PermanentCrop
test_2685.jpg,PermanentCrop
test_2686.jpg,PermanentCrop
test_2687.jpg,PermanentCrop
test_2688.jpg,PermanentCrop
test_2689.jpg,PermanentCrop
test_269.jpg,AnnualCrop
test_2690.jpg,PermanentCrop
test_2691.jpg,PermanentCrop
test_2692.jpg,PermanentCrop
test_2693.jpg,PermanentCrop
test_2694.jpg,PermanentCrop
test_2695.jpg,PermanentCrop
test_2696.jpg,PermanentCrop
test_2697.jpg,PermanentCrop
test_2698.jpg,PermanentCrop
test_2699.jpg,PermanentCrop
test_27.jpg,AnnualCrop
test_270.jpg,AnnualCrop
test_2700.jpg,PermanentCrop
test_2701.jpg,PermanentCrop
test_2702.jpg,PermanentCrop
test_2703.jpg,PermanentCrop
test_2704.jpg,PermanentCrop
test_2705.jpg,PermanentCrop
test_2706.jpg,PermanentCrop
test_2707.jpg,PermanentCrop
test_2708.jpg,PermanentCrop
test_2709.jpg,PermanentCrop
test_271.jpg,AnnualCrop
test_2710.jpg,PermanentCrop
test_2711.jpg,PermanentCrop
test_2712.jpg,PermanentCrop
test_2713.jpg,PermanentCrop
test_2714.jpg,PermanentCrop
test_2715.jpg,PermanentCrop
test_2716.jpg,PermanentCrop
test_2717.jpg,PermanentCrop
test_2718.jpg,PermanentCrop
test_2719.jpg,PermanentCrop
test_272.jpg,AnnualCrop
test_2720.jpg,PermanentCrop
test_2721.jpg,PermanentCrop
test_2722.jpg,PermanentCrop
test_2723.jpg,PermanentCrop
test_2724.jpg,PermanentCrop
test_2725.jpg,PermanentCrop
test_2726.jpg,PermanentCrop
test_2727.jpg,PermanentCrop
test_2728.jpg,PermanentCrop
test_2729.jpg,PermanentCrop
test_273.jpg,AnnualCrop
test_2730.jpg,PermanentCrop
test_2731.jpg,PermanentCrop
test_2732.jpg,PermanentCrop
test_2733.jpg,PermanentCrop
test_2734.jpg,HerbaceousVegetation
test_2735.jpg,PermanentCrop
test_2736.jpg,PermanentCrop
test_2737.jpg,PermanentCrop
test_2738.jpg,AnnualCrop
test_2739.jpg,PermanentCrop
test_274.jpg,AnnualCrop
test_2740.jpg,PermanentCrop
test_2741.jpg,PermanentCrop
test_2742.jpg,PermanentCrop
test_2743.jpg,PermanentCrop
test_2744.jpg,PermanentCrop
test_2745.jpg,PermanentCrop
test_2746.jpg,PermanentCrop
test_2747.jpg,PermanentCrop
test_2748.jpg,PermanentCrop
test_2749.jpg,PermanentCrop
test_275.jpg,AnnualCrop
test_2750.jpg,PermanentCrop
test_2751.jpg,PermanentCrop
test_2752.jpg,PermanentCrop
test_2753.jpg,PermanentCrop
test_2754.jpg,PermanentCrop
test_2755.jpg,PermanentCrop
test_2756.jpg,AnnualCrop
test_2757.jpg,PermanentCrop
test_2758.jpg,PermanentCrop
test_2759.jpg,PermanentCrop
test_276.jpg,PermanentCrop
test_2760.jpg,PermanentCrop
test_2761.jpg,PermanentCrop
test_2762.jpg,PermanentCrop
test_2763.jpg,PermanentCrop
test_2764.jpg,PermanentCrop
test_2765.jpg,HerbaceousVegetation
test_2766.jpg,PermanentCrop
test_2767.jpg,PermanentCrop
test_2768.jpg,PermanentCrop
test_2769.jpg,PermanentCrop
test_277.jpg,AnnualCrop
test_2770.jpg,PermanentCrop
test_2771.jpg,PermanentCrop
test_2772.jpg,PermanentCrop
test_2773.jpg,PermanentCrop
test_2774.jpg,HerbaceousVegetation
test_2775.jpg,PermanentCrop
test_2776.jpg,Residential
test_2777.jpg,Residential
test_2778.jpg,Industrial
test_2779.jpg,Residential
test_278.jpg,AnnualCrop
test_2780.jpg,Residential
test_2781.jpg,Residential
test_2782.jpg,Residential
test_2783.jpg,Residential
test_2784.jpg,Residential
test_2785.jpg,Residential
test_2786.jpg,Residential
test_2787.jpg,Residential
test_2788.jpg,Residential
test_2789.jpg,Residential
test_279.jpg,AnnualCrop
test_2790.jpg,Residential
test_2791.jpg,Residential
test_2792.jpg,Residential
test_2793.jpg,Residential
test_2794.jpg,Residential
test_2795.jpg,Residential
test_2796.jpg,Residential
test_2797.jpg,Residential
test_2798.jpg,Residential
test_2799.jpg,Residential
test_28.jpg,AnnualCrop
test_280.jpg,AnnualCrop
test_2800.jpg,Residential
test_2801.jpg,Residential
test_2802.jpg,Residential
test_2803.jpg,Residential
test_2804.jpg,Residential
test_2805.jpg,Residential
test_2806.jpg,Residential
test_2807.jpg,Residential
test_2808.jpg,Residential
test_2809.jpg,Residential
test_281.jpg,AnnualCrop
test_2810.jpg,Residential
test_2811.jpg,Residential
test_2812.jpg,Residential
test_2813.jpg,Industrial
test_2814.jpg,Industrial
test_2815.jpg,Residential
test_2816.jpg,Residential
test_2817.jpg,Residential
test_2818.jpg,Residential
test_2819.jpg,Residential
test_282.jpg,AnnualCrop
test_2820.jpg,Residential
test_2821.jpg,Industrial
test_2822.jpg,Residential
test_2823.jpg,Residential
test_2824.jpg,Industrial
test_2825.jpg,Residential
test_2826.jpg,Residential
test_2827.jpg,Residential
test_2828.jpg,Residential
test_2829.jpg,Residential
test_283.jpg,AnnualCrop
test_2830.jpg,Residential
test_2831.jpg,Residential
test_2832.jpg,Residential
test_2833.jpg,Residential
test_2834.jpg,Residential
test_2835.jpg,Residential
test_2836.jpg,Residential
test_2837.jpg,Industrial
test_2838.jpg,Residential
test_2839.jpg,Residential
test_284.jpg,AnnualCrop
test_2840.jpg,Residential
test_2841.jpg,Residential
test_2842.jpg,Residential
test_2843.jpg,Residential
test_2844.jpg,Residential
test_2845.jpg,Residential
test_2846.jpg,Residential
test_2847.jpg,Residential
test_2848.jpg,Residential
test_2849.jpg,Residential
test_285.jpg,AnnualCrop
test_2850.jpg,Residential
test_2851.jpg,Residential
test_2852.jpg,Residential
test_2853.jpg,Residential
test_2854.jpg,Residential
test_2855.jpg,Residential
test_2856.jpg,Residential
test_2857.jpg,Residential
test_2858.jpg,Residential
test_2859.jpg,Residential
test_286.jpg,AnnualCrop
test_2860.jpg,Residential
test_2861.jpg,Residential
test_2862.jpg,Residential
test_2863.jpg,Residential
test_2864.jpg,Residential
test_2865.jpg,Residential
test_2866.jpg,Residential
test_2867.jpg,Residential
test_2868.jpg,Residential
test_2869.jpg,Residential
test_287.jpg,Highway
test_2870.jpg,Residential
test_2871.jpg,Residential
test_2872.jpg,Residential
test_2873.jpg,Residential
test_2874.jpg,Residential
test_2875.jpg,Residential
test_2876.jpg,Residential
test_2877.jpg,Residential
test_2878.jpg,Residential
test_2879.jpg,Residential
test_288.jpg,AnnualCrop
test_2880.jpg,Residential
test_2881.jpg,Residential
test_2882.jpg,Residential
test_2883.jpg,Residential
test_2884.jpg,Residential
test_2885.jpg,Residential
test_2886.jpg,Residential
test_2887.jpg,Residential
test_2888.jpg,Residential
test_2889.jpg,Residential
test_289.jpg,AnnualCrop
test_2890.jpg,Residential
test_2891.jpg,Residential
test_2892.jpg,HerbaceousVegetation
test_2893.jpg,Residential
test_2894.jpg,Residential
test_2895.jpg,Residential
test_2896.jpg,Residential
test_2897.jpg,Residential
test_2898.jpg,Residential
test_2899.jpg,Residential
test_29.jpg,AnnualCrop
test_290.jpg,AnnualCrop
test_2900.jpg,Residential
test_2901.jpg,Residential
test_2902.jpg,Residential
test_2903.jpg,Residential
test_2904.jpg,Residential
test_2905.jpg,Residential
test_2906.jpg,Residential
test_2907.jpg,Residential
test_2908.jpg,Residential
test_2909.jpg,Residential
test_291.jpg,AnnualCrop
test_2910.jpg,Residential
test_2911.jpg,Residential
test_2912.jpg,Residential
test_2913.jpg,Residential
test_2914.jpg,Residential
test_2915.jpg,Residential
test_2916.jpg,Residential
test_2917.jpg,Residential
test_2918.jpg,Industrial
test_2919.jpg,Residential
test_292.jpg,AnnualCrop
test_2920.jpg,Residential
test_2921.jpg,Residential
test_2922.jpg,Residential
test_2923.jpg,Residential
test_2924.jpg,Residential
test_2925.jpg,Residential
test_2926.jpg,Residential
test_2927.jpg,Residential
test_2928.jpg,Residential
test_2929.jpg,Residential
test_293.jpg,AnnualCrop
test_2930.jpg,Residential
test_2931.jpg,Residential
test_2932.jpg,Residential
test_2933.jpg,Residential
test_2934.jpg,Residential
test_2935.jpg,Industrial
test_2936.jpg,Residential
test_2937.jpg,Residential
test_2938.jpg,Residential
test_2939.jpg,Residential
test_294.jpg,AnnualCrop
test_2940.jpg,Residential
test_2941.jpg,Residential
test_2942.jpg,Residential
test_2943.jpg,Residential
test_2944.jpg,Residential
test_2945.jpg,Residential
test_2946.jpg,Residential
test_2947.jpg,Residential
test_2948.jpg,Residential
test_2949.jpg,Residential
test_295.jpg,AnnualCrop
test_2950.jpg,Residential
test_2951.jpg,Residential
test_2952.jpg,Residential
test_2953.jpg,Residential
test_2954.jpg,Residential
test_2955.jpg,Residential
test_2956.jpg,Residential
test_2957.jpg,Residential
test_2958.jpg,Residential
test_2959.jpg,Residential
test_296.jpg,AnnualCrop
test_2960.jpg,Residential
test_2961.jpg,Residential
test_2962.jpg,Residential
test_2963.jpg,Residential
test_2964.jpg,Residential
test_2965.jpg,Residential
test_2966.jpg,Residential
test_2967.jpg,Industrial
test_2968.jpg,Residential
test_2969.jpg,Residential
test_297.jpg,AnnualCrop
test_2970.jpg,Residential
test_2971.jpg,Residential
test_2972.jpg,Residential
test_2973.jpg,Residential
test_2974.jpg,Residential
test_2975.jpg,Residential
test_2976.jpg,Residential
test_2977.jpg,Residential
test_2978.jpg,Residential
test_2979.jpg,Residential
test_298.jpg,AnnualCrop
test_2980.jpg,Residential
test_2981.jpg,Residential
test_2982.jpg,Residential
test_2983.jpg,Residential
test_2984.jpg,Residential
test_2985.jpg,Residential
test_2986.jpg,Residential
test_2987.jpg,Residential
test_2988.jpg,Residential
test_2989.jpg,Residential
test_299.jpg,AnnualCrop
test_2990.jpg,Residential
test_2991.jpg,Residential
test_2992.jpg,Residential
test_2993.jpg,Residential
test_2994.jpg,Residential
test_2995.jpg,Residential
test_2996.jpg,Residential
test_2997.jpg,Residential
test_2998.jpg,Residential
test_2999.jpg,Residential
test_3.jpg,AnnualCrop
test_30.jpg,AnnualCrop
test_300.jpg,AnnualCrop
test_3000.jpg,Residential
test_3001.jpg,Residential
test_3002.jpg,Residential
test_3003.jpg,Residential
test_3004.jpg,Residential
test_3005.jpg,Residential
test_3006.jpg,Residential
test_3007.jpg,Residential
test_3008.jpg,Residential
test_3009.jpg,Residential
test_301.jpg,AnnualCrop
test_3010.jpg,Residential
test_3011.jpg,Residential
test_3012.jpg,Residential
test_3013.jpg,Residential
test_3014.jpg,Residential
test_3015.jpg,Residential
test_3016.jpg,Residential
test_3017.jpg,Residential
test_3018.jpg,Residential
test_3019.jpg,Residential
test_302.jpg,AnnualCrop
test_3020.jpg,Residential
test_3021.jpg,Residential
test_3022.jpg,Residential
test_3023.jpg,Residential
test_3024.jpg,Residential
test_3025.jpg,Residential
test_3026.jpg,Residential
test_3027.jpg,Residential
test_3028.jpg,Residential
test_3029.jpg,Residential
test_303.jpg,AnnualCrop
test_3030.jpg,Residential
test_3031.jpg,Residential
test_3032.jpg,Residential
test_3033.jpg,Residential
test_3034.jpg,Residential
test_3035.jpg,Residential
test_3036.jpg,Residential
test_3037.jpg,Residential
test_3038.jpg,HerbaceousVegetation
test_3039.jpg,Residential
test_304.jpg,AnnualCrop
test_3040.jpg,Residential
test_3041.jpg,Residential
test_3042.jpg,Residential
test_3043.jpg,Residential
test_3044.jpg,Residential
test_3045.jpg,Residential
test_3046.jpg,Residential
test_3047.jpg,Residential
test_3048.jpg,Residential
test_3049.jpg,Residential
test_305.jpg,AnnualCrop
test_3050.jpg,Residential
test_3051.jpg,Residential
test_3052.jpg,Residential
test_3053.jpg,Residential
test_3054.jpg,Residential
test_3055.jpg,Residential
test_3056.jpg,Residential
test_3057.jpg,Residential
test_3058.jpg,Residential
test_3059.jpg,Residential
test_306.jpg,AnnualCrop
test_3060.jpg,Residential
test_3061.jpg,Residential
test_3062.jpg,Residential
test_3063.jpg,Residential
test_3064.jpg,Residential
test_3065.jpg,Residential
test_3066.jpg,Residential
test_3067.jpg,Residential
test_3068.jpg,Residential
test_3069.jpg,Residential
test_307.jpg,AnnualCrop
test_3070.jpg,Residential
test_3071.jpg,Residential
test_3072.jpg,Residential
test_3073.jpg,Residential
test_3074.jpg,Residential
test_3075.jpg,Residential
test_3076.jpg,Industrial
test_3077.jpg,Residential
test_3078.jpg,Residential
test_3079.jpg,Residential
test_308.jpg,AnnualCrop
test_3080.jpg,Residential
test_3081.jpg,Residential
test_3082.jpg,Residential
test_3083.jpg,Residential
test_3084.jpg,Residential
test_3085.jpg,Residential
test_3086.jpg,Residential
test_3087.jpg,Residential
test_3088.jpg,Residential
test_3089.jpg,Residential
test_309.jpg,AnnualCrop
test_3090.jpg,Residential
test_3091.jpg,Residential
test_3092.jpg,Residential
test_3093.jpg,Residential
test_3094.jpg,Residential
test_3095.jpg,Residential
test_3096.jpg,Residential
test_3097.jpg,Residential
test_3098.jpg,Residential
test_3099.jpg,Residential
test_31.jpg,AnnualCrop
test_310.jpg,AnnualCrop
test_3100.jpg,Residential
test_3101.jpg,Residential
test_3102.jpg,Residential
test_3103.jpg,Residential
test_3104.jpg,Residential
test_3105.jpg,Residential
test_3106.jpg,Residential
test_3107.jpg,Residential
test_3108.jpg,Residential
test_3109.jpg,Residential
test_311.jpg,AnnualCrop
test_3110.jpg,Residential
test_3111.jpg,Industrial
test_3112.jpg,Residential
test_3113.jpg,Residential
test_3114.jpg,Residential
test_3115.jpg,Residential
test_3116.jpg,Residential
test_3117.jpg,Residential
test_3118.jpg,Residential
test_3119.jpg,Residential
test_312.jpg,AnnualCrop
test_3120.jpg,Residential
test_3121.jpg,Residential
test_3122.jpg,Residential
test_3123.jpg,Residential
test_3124.jpg,Residential
test_3125.jpg,Residential
test_3126.jpg,Residential
test_3127.jpg,Residential
test_3128.jpg,Residential
test_3129.jpg,Residential
test_313.jpg,AnnualCrop
test_3130.jpg,Residential
test_3131.jpg,Residential
test_3132.jpg,Residential
test_3133.jpg,Residential
test_3134.jpg,Residential
test_3135.jpg,Residential
test_3136.jpg,Residential
test_3137.jpg,Residential
test_3138.jpg,Residential
test_3139.jpg,Residential
test_314.jpg,AnnualCrop
test_3140.jpg,Residential
test_3141.jpg,Residential
test_3142.jpg,Residential
test_3143.jpg,Residential
test_3144.jpg,Residential
test_3145.jpg,Residential
test_3146.jpg,Residential
test_3147.jpg,Residential
test_3148.jpg,Residential
test_3149.jpg,Residential
test_315.jpg,AnnualCrop
test_3150.jpg,Residential
test_3151.jpg,Residential
test_3152.jpg,Residential
test_3153.jpg,Residential
test_3154.jpg,Residential
test_3155.jpg,Residential
test_3156.jpg,Residential
test_3157.jpg,Residential
test_3158.jpg,Residential
test_3159.jpg,Residential
test_316.jpg,AnnualCrop
test_3160.jpg,Residential
test_3161.jpg,Residential
test_3162.jpg,Residential
test_3163.jpg,Residential
test_3164.jpg,Residential
test_3165.jpg,Residential
test_3166.jpg,Residential
test_3167.jpg,Residential
test_3168.jpg,Residential
test_3169.jpg,Residential
test_317.jpg,AnnualCrop
test_3170.jpg,Residential
test_3171.jpg,Residential
test_3172.jpg,Residential
test_3173.jpg,Residential
test_3174.jpg,Residential
test_3175.jpg,Residential
test_3176.jpg,Residential
test_3177.jpg,Residential
test_3178.jpg,Residential
test_3179.jpg,Industrial
test_318.jpg,AnnualCrop
test_3180.jpg,Residential
test_3181.jpg,Residential
test_3182.jpg,Residential
test_3183.jpg,Residential
test_3184.jpg,Residential
test_3185.jpg,Residential
test_3186.jpg,Residential
test_3187.jpg,Residential
test_3188.jpg,Residential
test_3189.jpg,Residential
test_319.jpg,AnnualCrop
test_3190.jpg,Residential
test_3191.jpg,Residential
test_3192.jpg,Residential
test_3193.jpg,Residential
test_3194.jpg,Residential
test_3195.jpg,Residential
test_3196.jpg,Residential
test_3197.jpg,Residential
test_3198.jpg,Residential
test_3199.jpg,Residential
test_32.jpg,AnnualCrop
test_320.jpg,AnnualCrop
test_3200.jpg,Residential
test_3201.jpg,Residential
test_3202.jpg,Residential
test_3203.jpg,Residential
test_3204.jpg,Residential
test_3205.jpg,Residential
test_3206.jpg,Residential
test_3207.jpg,Residential
test_3208.jpg,Residential
test_3209.jpg,Residential
test_321.jpg,AnnualCrop
test_3210.jpg,Residential
test_3211.jpg,Residential
test_3212.jpg,Residential
test_3213.jpg,Residential
test_3214.jpg,Residential
test_3215.jpg,Residential
test_3216.jpg,Residential
test_3217.jpg,Residential
test_3218.jpg,Residential
test_3219.jpg,Residential
test_322.jpg,AnnualCrop
test_3220.jpg,Residential
test_3221.jpg,Residential
test_3222.jpg,Residential
test_3223.jpg,Residential
test_3224.jpg,Residential
test_3225.jpg,Residential
test_3226.jpg,River
test_3227.jpg,River
test_3228.jpg,River
test_3229.jpg,River
test_323.jpg,AnnualCrop
test_3230.jpg,River
test_3231.jpg,River
test_3232.jpg,River
test_3233.jpg,River
test_3234.jpg,River
test_3235.jpg,River
test_3236.jpg,River
test_3237.jpg,River
test_3238.jpg,River
test_3239.jpg,River
test_324.jpg,AnnualCrop
test_3240.jpg,River
test_3241.jpg,River
test_3242.jpg,River
test_3243.jpg,River
test_3244.jpg,River
test_3245.jpg,River
test_3246.jpg,River
test_3247.jpg,River
test_3248.jpg,River
test_3249.jpg,River
test_325.jpg,AnnualCrop
test_3250.jpg,River
test_3251.jpg,River
test_3252.jpg,AnnualCrop
test_3253.jpg,River
test_3254.jpg,River
test_3255.jpg,River
test_3256.jpg,River
test_3257.jpg,River
test_3258.jpg,River
test_3259.jpg,River
test_326.jpg,AnnualCrop
test_3260.jpg,River
test_3261.jpg,River
test_3262.jpg,River
test_3263.jpg,River
test_3264.jpg,River
test_3265.jpg,River
test_3266.jpg,River
test_3267.jpg,River
test_3268.jpg,River
test_3269.jpg,River
test_327.jpg,AnnualCrop
test_3270.jpg,River
test_3271.jpg,River
test_3272.jpg,River
test_3273.jpg,River
test_3274.jpg,River
test_3275.jpg,River
test_3276.jpg,River
test_3277.jpg,River
test_3278.jpg,River
test_3279.jpg,River
test_328.jpg,AnnualCrop
test_3280.jpg,Pasture
test_3281.jpg,River
test_3282.jpg,River
test_3283.jpg,River
test_3284.jpg,River
test_3285.jpg,River
test_3286.jpg,River
test_3287.jpg,River
test_3288.jpg,River
test_3289.jpg,River
test_329.jpg,AnnualCrop
test_3290.jpg,River
test_3291.jpg,River
test_3292.jpg,River
test_3293.jpg,River
test_3294.jpg,River
test_3295.jpg,River
test_3296.jpg,River
test_3297.jpg,AnnualCrop
test_3298.jpg,River
test_3299.jpg,River
test_33.jpg,AnnualCrop
test_330.jpg,AnnualCrop
test_3300.jpg,River
test_3301.jpg,River
test_3302.jpg,Highway
test_3303.jpg,River
test_3304.jpg,River
test_3305.jpg,River
test_3306.jpg,River
test_3307.jpg,River
test_3308.jpg,River
test_3309.jpg,River
test_331.jpg,AnnualCrop
test_3310.jpg,River
test_3311.jpg,River
test_3312.jpg,River
test_3313.jpg,River
test_3314.jpg,River
test_3315.jpg,River
test_3316.jpg,River
test_3317.jpg,River
test_3318.jpg,River
test_3319.jpg,River
test_332.jpg,AnnualCrop
test_3320.jpg,River
test_3321.jpg,River
test_3322.jpg,River
test_3323.jpg,River
test_3324.jpg,River
test_3325.jpg,River
test_3326.jpg,River
test_3327.jpg,River
test_3328.jpg,River
test_3329.jpg,River
test_333.jpg,Pasture
test_3330.jpg,River
test_3331.jpg,River
test_3332.jpg,River
test_3333.jpg,River
test_3334.jpg,River
test_3335.jpg,River
test_3336.jpg,River
test_3337.jpg,River
test_3338.jpg,River
test_3339.jpg,River
test_334.jpg,AnnualCrop
test_3340.jpg,River
test_3341.jpg,River
test_3342.jpg,River
test_3343.jpg,River
test_3344.jpg,River
test_3345.jpg,River
test_3346.jpg,River
test_3347.jpg,River
test_3348.jpg,River
test_3349.jpg,River
test_335.jpg,AnnualCrop
test_3350.jpg,River
test_3351.jpg,River
test_3352.jpg,River
test_3353.jpg,River
test_3354.jpg,River
test_3355.jpg,River
test_3356.jpg,River
test_3357.jpg,River
test_3358.jpg,River
test_3359.jpg,River
test_336.jpg,AnnualCrop
test_3360.jpg,River
test_3361.jpg,River
test_3362.jpg,River
test_3363.jpg,River
test_3364.jpg,River
test_3365.jpg,River
test_3366.jpg,River
test_3367.jpg,River
test_3368.jpg,River
test_3369.jpg,River
test_337.jpg,AnnualCrop
test_3370.jpg,River
test_3371.jpg,River
test_3372.jpg,River
test_3373.jpg,River
test_3374.jpg,River
test_3375.jpg,River
test_3376.jpg,River
test_3377.jpg,River
test_3378.jpg,River
test_3379.jpg,River
test_338.jpg,AnnualCrop
test_3380.jpg,River
test_3381.jpg,River
test_3382.jpg,River
test_3383.jpg,River
test_3384.jpg,River
test_3385.jpg,River
test_3386.jpg,River
test_3387.jpg,River
test_3388.jpg,River
test_3389.jpg,River
test_339.jpg,AnnualCrop
test_3390.jpg,River
test_3391.jpg,River
test_3392.jpg,River
test_3393.jpg,River
test_3394.jpg,River
test_3395.jpg,River
test_3396.jpg,River
test_3397.jpg,River
test_3398.jpg,River
test_3399.jpg,River
test_34.jpg,AnnualCrop
test_340.jpg,AnnualCrop
test_3400.jpg,River
test_3401.jpg,River
test_3402.jpg,River
test_3403.jpg,River
test_3404.jpg,River
test_3405.jpg,River
test_3406.jpg,River
test_3407.jpg,River
test_3408.jpg,River
test_3409.jpg,Highway
test_341.jpg,AnnualCrop
test_3410.jpg,River
test_3411.jpg,AnnualCrop
test_3412.jpg,River
test_3413.jpg,River
test_3414.jpg,River
test_3415.jpg,River
test_3416.jpg,River
test_3417.jpg,River
test_3418.jpg,River
test_3419.jpg,River
test_342.jpg,AnnualCrop
test_3420.jpg,River
test_3421.jpg,River
test_3422.jpg,River
test_3423.jpg,River
test_3424.jpg,River
test_3425.jpg,River
test_3426.jpg,River
test_3427.jpg,River
test_3428.jpg,River
test_3429.jpg,River
test_343.jpg,AnnualCrop
test_3430.jpg,River
test_3431.jpg,River
test_3432.jpg,River
test_3433.jpg,River
test_3434.jpg,River
test_3435.jpg,River
test_3436.jpg,River
test_3437.jpg,River
test_3438.jpg,River
test_3439.jpg,River
test_344.jpg,AnnualCrop
test_3440.jpg,River
test_3441.jpg,River
test_3442.jpg,River
test_3443.jpg,River
test_3444.jpg,River
test_3445.jpg,River
test_3446.jpg,AnnualCrop
test_3447.jpg,River
test_3448.jpg,River
test_3449.jpg,River
test_345.jpg,AnnualCrop
test_3450.jpg,River
test_3451.jpg,River
test_3452.jpg,River
test_3453.jpg,River
test_3454.jpg,River
test_3455.jpg,River
test_3456.jpg,River
test_3457.jpg,River
test_3458.jpg,River
test_3459.jpg,River
test_346.jpg,AnnualCrop
test_3460.jpg,River
test_3461.jpg,River
test_3462.jpg,River
test_3463.jpg,River
test_3464.jpg,River
test_3465.jpg,River
test_3466.jpg,River
test_3467.jpg,River
test_3468.jpg,River
test_3469.jpg,River
test_347.jpg,AnnualCrop
test_3470.jpg,River
test_3471.jpg,River
test_3472.jpg,River
test_3473.jpg,River
test_3474.jpg,River
test_3475.jpg,River
test_3476.jpg,River
test_3477.jpg,River
test_3478.jpg,River
test_3479.jpg,River
test_348.jpg,AnnualCrop
test_3480.jpg,River
test_3481.jpg,River
test_3482.jpg,River
test_3483.jpg,River
test_3484.jpg,River
test_3485.jpg,River
test_3486.jpg,River
test_3487.jpg,River
test_3488.jpg,River
test_3489.jpg,River
test_349.jpg,AnnualCrop
test_3490.jpg,River
test_3491.jpg,River
test_3492.jpg,River
test_3493.jpg,River
test_3494.jpg,River
test_3495.jpg,River
test_3496.jpg,River
test_3497.jpg,River
test_3498.jpg,River
test_3499.jpg,River
test_35.jpg,AnnualCrop
test_350.jpg,AnnualCrop
test_3500.jpg,River
test_3501.jpg,River
test_3502.jpg,River
test_3503.jpg,River
test_3504.jpg,River
test_3505.jpg,River
test_3506.jpg,River
test_3507.jpg,River
test_3508.jpg,River
test_3509.jpg,River
test_351.jpg,AnnualCrop
test_3510.jpg,River
test_3511.jpg,River
test_3512.jpg,Highway
test_3513.jpg,River
test_3514.jpg,River
test_3515.jpg,River
test_3516.jpg,River
test_3517.jpg,River
test_3518.jpg,River
test_3519.jpg,River
test_352.jpg,AnnualCrop
test_3520.jpg,River
test_3521.jpg,River
test_3522.jpg,River
test_3523.jpg,River
test_3524.jpg,River
test_3525.jpg,River
test_3526.jpg,River
test_3527.jpg,River
test_3528.jpg,River
test_3529.jpg,River
test_353.jpg,AnnualCrop
test_3530.jpg,River
test_3531.jpg,River
test_3532.jpg,River
test_3533.jpg,River
test_3534.jpg,River
test_3535.jpg,River
test_3536.jpg,River
test_3537.jpg,River
test_3538.jpg,River
test_3539.jpg,River
test_354.jpg,AnnualCrop
test_3540.jpg,River
test_3541.jpg,River
test_3542.jpg,River
test_3543.jpg,River
test_3544.jpg,River
test_3545.jpg,River
test_3546.jpg,River
test_3547.jpg,River
test_3548.jpg,SeaLake
test_3549.jpg,River
test_355.jpg,AnnualCrop
test_3550.jpg,Highway
test_3551.jpg,River
test_3552.jpg,River
test_3553.jpg,River
test_3554.jpg,River
test_3555.jpg,River
test_3556.jpg,River
test_3557.jpg,River
test_3558.jpg,River
test_3559.jpg,River
test_356.jpg,AnnualCrop
test_3560.jpg,River
test_3561.jpg,River
test_3562.jpg,River
test_3563.jpg,River
test_3564.jpg,River
test_3565.jpg,River
test_3566.jpg,River
test_3567.jpg,River
test_3568.jpg,River
test_3569.jpg,River
test_357.jpg,AnnualCrop
test_3570.jpg,River
test_3571.jpg,River
test_3572.jpg,River
test_3573.jpg,River
test_3574.jpg,River
test_3575.jpg,River
test_3576.jpg,River
test_3577.jpg,River
test_3578.jpg,River
test_3579.jpg,River
test_358.jpg,AnnualCrop
test_3580.jpg,River
test_3581.jpg,River
test_3582.jpg,River
test_3583.jpg,River
test_3584.jpg,River
test_3585.jpg,River
test_3586.jpg,River
test_3587.jpg,River
test_3588.jpg,River
test_3589.jpg,River
test_359.jpg,AnnualCrop
test_3590.jpg,River
test_3591.jpg,River
test_3592.jpg,River
test_3593.jpg,River
test_3594.jpg,River
test_3595.jpg,River
test_3596.jpg,River
test_3597.jpg,River
test_3598.jpg,River
test_3599.jpg,River
test_36.jpg,AnnualCrop
test_360.jpg,AnnualCrop
test_3600.jpg,PermanentCrop
test_3601.jpg,SeaLake
test_3602.jpg,SeaLake
test_3603.jpg,SeaLake
test_3604.jpg,SeaLake
test_3605.jpg,SeaLake
test_3606.jpg,SeaLake
test_3607.jpg,SeaLake
test_3608.jpg,SeaLake
test_3609.jpg,SeaLake
test_361.jpg,AnnualCrop
test_3610.jpg,SeaLake
test_3611.jpg,SeaLake
test_3612.jpg,SeaLake
test_3613.jpg,SeaLake
test_3614.jpg,SeaLake
test_3615.jpg,SeaLake
test_3616.jpg,SeaLake
test_3617.jpg,SeaLake
test_3618.jpg,SeaLake
test_3619.jpg,SeaLake
test_362.jpg,AnnualCrop
test_3620.jpg,SeaLake
test_3621.jpg,SeaLake
test_3622.jpg,SeaLake
test_3623.jpg,SeaLake
test_3624.jpg,SeaLake
test_3625.jpg,SeaLake
test_3626.jpg,SeaLake
test_3627.jpg,SeaLake
test_3628.jpg,SeaLake
test_3629.jpg,SeaLake
test_363.jpg,AnnualCrop
test_3630.jpg,SeaLake
test_3631.jpg,SeaLake
test_3632.jpg,SeaLake
test_3633.jpg,SeaLake
test_3634.jpg,SeaLake
test_3635.jpg,SeaLake
test_3636.jpg,SeaLake
test_3637.jpg,SeaLake
test_3638.jpg,SeaLake
test_3639.jpg,SeaLake
test_364.jpg,AnnualCrop
test_3640.jpg,SeaLake
test_3641.jpg,SeaLake
test_3642.jpg,SeaLake
test_3643.jpg,SeaLake
test_3644.jpg,SeaLake
test_3645.jpg,SeaLake
test_3646.jpg,SeaLake
test_3647.jpg,SeaLake
test_3648.jpg,SeaLake
test_3649.jpg,SeaLake
test_365.jpg,AnnualCrop
test_3650.jpg,SeaLake
test_3651.jpg,SeaLake
test_3652.jpg,SeaLake
test_3653.jpg,SeaLake
test_3654.jpg,SeaLake
test_3655.jpg,SeaLake
test_3656.jpg,SeaLake
test_3657.jpg,SeaLake
test_3658.jpg,SeaLake
test_3659.jpg,SeaLake
test_366.jpg,AnnualCrop
test_3660.jpg,SeaLake
test_3661.jpg,SeaLake
test_3662.jpg,SeaLake
test_3663.jpg,SeaLake
test_3664.jpg,SeaLake
test_3665.jpg,SeaLake
test_3666.jpg,SeaLake
test_3667.jpg,SeaLake
test_3668.jpg,SeaLake
test_3669.jpg,SeaLake
test_367.jpg,AnnualCrop
test_3670.jpg,SeaLake
test_3671.jpg,SeaLake
test_3672.jpg,SeaLake
test_3673.jpg,SeaLake
test_3674.jpg,SeaLake
test_3675.jpg,SeaLake
test_3676.jpg,SeaLake
test_3677.jpg,SeaLake
test_3678.jpg,SeaLake
test_3679.jpg,SeaLake
test_368.jpg,AnnualCrop
test_3680.jpg,SeaLake
test_3681.jpg,SeaLake
test_3682.jpg,SeaLake
test_3683.jpg,SeaLake
test_3684.jpg,SeaLake
test_3685.jpg,SeaLake
test_3686.jpg,SeaLake
test_3687.jpg,SeaLake
test_3688.jpg,SeaLake
test_3689.jpg,SeaLake
test_369.jpg,AnnualCrop
test_3690.jpg,SeaLake
test_3691.jpg,SeaLake
test_3692.jpg,SeaLake
test_3693.jpg,SeaLake
test_3694.jpg,SeaLake
test_3695.jpg,SeaLake
test_3696.jpg,SeaLake
test_3697.jpg,SeaLake
test_3698.jpg,SeaLake
test_3699.jpg,SeaLake
test_37.jpg,AnnualCrop
test_370.jpg,AnnualCrop
test_3700.jpg,SeaLake
test_3701.jpg,SeaLake
test_3702.jpg,SeaLake
test_3703.jpg,SeaLake
test_3704.jpg,SeaLake
test_3705.jpg,SeaLake
test_3706.jpg,SeaLake
test_3707.jpg,SeaLake
test_3708.jpg,SeaLake
test_3709.jpg,SeaLake
test_371.jpg,AnnualCrop
test_3710.jpg,SeaLake
test_3711.jpg,SeaLake
test_3712.jpg,SeaLake
test_3713.jpg,SeaLake
test_3714.jpg,SeaLake
test_3715.jpg,SeaLake
test_3716.jpg,SeaLake
test_3717.jpg,SeaLake
test_3718.jpg,SeaLake
test_3719.jpg,SeaLake
test_372.jpg,AnnualCrop
test_3720.jpg,SeaLake
test_3721.jpg,SeaLake
test_3722.jpg,SeaLake
test_3723.jpg,SeaLake
test_3724.jpg,SeaLake
test_3725.jpg,SeaLake
test_3726.jpg,SeaLake
test_3727.jpg,SeaLake
test_3728.jpg,SeaLake
test_3729.jpg,SeaLake
test_373.jpg,AnnualCrop
test_3730.jpg,SeaLake
test_3731.jpg,SeaLake
test_3732.jpg,SeaLake
test_3733.jpg,SeaLake
test_3734.jpg,SeaLake
test_3735.jpg,SeaLake
test_3736.jpg,SeaLake
test_3737.jpg,SeaLake
test_3738.jpg,SeaLake
test_3739.jpg,SeaLake
test_374.jpg,AnnualCrop
test_3740.jpg,SeaLake
test_3741.jpg,SeaLake
test_3742.jpg,SeaLake
test_3743.jpg,SeaLake
test_3744.jpg,SeaLake
test_3745.jpg,SeaLake
test_3746.jpg,SeaLake
test_3747.jpg,SeaLake
test_3748.jpg,SeaLake
test_3749.jpg,SeaLake
test_375.jpg,AnnualCrop
test_3750.jpg,SeaLake
test_3751.jpg,SeaLake
test_3752.jpg,SeaLake
test_3753.jpg,SeaLake
test_3754.jpg,SeaLake
test_3755.jpg,SeaLake
test_3756.jpg,SeaLake
test_3757.jpg,SeaLake
test_3758.jpg,SeaLake
test_3759.jpg,SeaLake
test_376.jpg,AnnualCrop
test_3760.jpg,SeaLake
test_3761.jpg,SeaLake
test_3762.jpg,SeaLake
test_3763.jpg,SeaLake
test_3764.jpg,SeaLake
test_3765.jpg,SeaLake
test_3766.jpg,SeaLake
test_3767.jpg,SeaLake
test_3768.jpg,SeaLake
test_3769.jpg,SeaLake
test_377.jpg,AnnualCrop
test_3770.jpg,SeaLake
test_3771.jpg,SeaLake
test_3772.jpg,SeaLake
test_3773.jpg,SeaLake
test_3774.jpg,SeaLake
test_3775.jpg,SeaLake
test_3776.jpg,SeaLake
test_3777.jpg,SeaLake
test_3778.jpg,SeaLake
test_3779.jpg,SeaLake
test_378.jpg,River
test_3780.jpg,SeaLake
test_3781.jpg,SeaLake
test_3782.jpg,SeaLake
test_3783.jpg,SeaLake
test_3784.jpg,SeaLake
test_3785.jpg,SeaLake
test_3786.jpg,SeaLake
test_3787.jpg,SeaLake
test_3788.jpg,SeaLake
test_3789.jpg,SeaLake
test_379.jpg,AnnualCrop
test_3790.jpg,SeaLake
test_3791.jpg,SeaLake
test_3792.jpg,SeaLake
test_3793.jpg,SeaLake
test_3794.jpg,SeaLake
test_3795.jpg,SeaLake
test_3796.jpg,SeaLake
test_3797.jpg,SeaLake
test_3798.jpg,SeaLake
test_3799.jpg,SeaLake
test_38.jpg,AnnualCrop
test_380.jpg,AnnualCrop
test_3800.jpg,SeaLake
test_3801.jpg,SeaLake
test_3802.jpg,SeaLake
test_3803.jpg,SeaLake
test_3804.jpg,SeaLake
test_3805.jpg,SeaLake
test_3806.jpg,SeaLake
test_3807.jpg,SeaLake
test_3808.jpg,SeaLake
test_3809.jpg,SeaLake
test_381.jpg,AnnualCrop
test_3810.jpg,SeaLake
test_3811.jpg,SeaLake
test_3812.jpg,SeaLake
test_3813.jpg,SeaLake
test_3814.jpg,SeaLake
test_3815.jpg,SeaLake
test_3816.jpg,SeaLake
test_3817.jpg,SeaLake
test_3818.jpg,SeaLake
test_3819.jpg,SeaLake
test_382.jpg,AnnualCrop
test_3820.jpg,SeaLake
test_3821.jpg,SeaLake
test_3822.jpg,SeaLake
test_3823.jpg,SeaLake
test_3824.jpg,SeaLake
test_3825.jpg,SeaLake
test_3826.jpg,SeaLake
test_3827.jpg,SeaLake
test_3828.jpg,AnnualCrop
test_3829.jpg,SeaLake
test_383.jpg,AnnualCrop
test_3830.jpg,SeaLake
test_3831.jpg,SeaLake
test_3832.jpg,SeaLake
test_3833.jpg,SeaLake
test_3834.jpg,SeaLake
test_3835.jpg,SeaLake
test_3836.jpg,SeaLake
test_3837.jpg,SeaLake
test_3838.jpg,SeaLake
test_3839.jpg,SeaLake
test_384.jpg,AnnualCrop
test_3840.jpg,SeaLake
test_3841.jpg,SeaLake
test_3842.jpg,SeaLake
test_3843.jpg,SeaLake
test_3844.jpg,SeaLake
test_3845.jpg,SeaLake
test_3846.jpg,SeaLake
test_3847.jpg,SeaLake
test_3848.jpg,SeaLake
test_3849.jpg,SeaLake
test_385.jpg,AnnualCrop
test_3850.jpg,SeaLake
test_3851.jpg,SeaLake
test_3852.jpg,SeaLake
test_3853.jpg,SeaLake
test_3854.jpg,SeaLake
test_3855.jpg,SeaLake
test_3856.jpg,SeaLake
test_3857.jpg,SeaLake
test_3858.jpg,SeaLake
test_3859.jpg,SeaLake
test_386.jpg,AnnualCrop
test_3860.jpg,SeaLake
test_3861.jpg,SeaLake
test_3862.jpg,SeaLake
test_3863.jpg,SeaLake
test_3864.jpg,SeaLake
test_3865.jpg,SeaLake
test_3866.jpg,SeaLake
test_3867.jpg,SeaLake
test_3868.jpg,SeaLake
test_3869.jpg,SeaLake
test_387.jpg,AnnualCrop
test_3870.jpg,SeaLake
test_3871.jpg,SeaLake
test_3872.jpg,SeaLake
test_3873.jpg,SeaLake
test_3874.jpg,SeaLake
test_3875.jpg,SeaLake
test_3876.jpg,SeaLake
test_3877.jpg,SeaLake
test_3878.jpg,SeaLake
test_3879.jpg,SeaLake
test_388.jpg,AnnualCrop
test_3880.jpg,SeaLake
test_3881.jpg,SeaLake
test_3882.jpg,SeaLake
test_3883.jpg,SeaLake
test_3884.jpg,SeaLake
test_3885.jpg,SeaLake
test_3886.jpg,SeaLake
test_3887.jpg,SeaLake
test_3888.jpg,SeaLake
test_3889.jpg,SeaLake
test_389.jpg,AnnualCrop
test_3890.jpg,SeaLake
test_3891.jpg,SeaLake
test_3892.jpg,SeaLake
test_3893.jpg,SeaLake
test_3894.jpg,SeaLake
test_3895.jpg,SeaLake
test_3896.jpg,SeaLake
test_3897.jpg,SeaLake
test_3898.jpg,SeaLake
test_3899.jpg,SeaLake
test_39.jpg,AnnualCrop
test_390.jpg,AnnualCrop
test_3900.jpg,SeaLake
test_3901.jpg,SeaLake
test_3902.jpg,SeaLake
test_3903.jpg,SeaLake
test_3904.jpg,SeaLake
test_3905.jpg,SeaLake
test_3906.jpg,SeaLake
test_3907.jpg,SeaLake
test_3908.jpg,SeaLake
test_3909.jpg,SeaLake
test_391.jpg,AnnualCrop
test_3910.jpg,SeaLake
test_3911.jpg,SeaLake
test_3912.jpg,SeaLake
test_3913.jpg,SeaLake
test_3914.jpg,SeaLake
test_3915.jpg,SeaLake
test_3916.jpg,SeaLake
test_3917.jpg,SeaLake
test_3918.jpg,SeaLake
test_3919.jpg,SeaLake
test_392.jpg,AnnualCrop
test_3920.jpg,SeaLake
test_3921.jpg,SeaLake
test_3922.jpg,SeaLake
test_3923.jpg,SeaLake
test_3924.jpg,SeaLake
test_3925.jpg,SeaLake
test_3926.jpg,SeaLake
test_3927.jpg,SeaLake
test_3928.jpg,SeaLake
test_3929.jpg,SeaLake
test_393.jpg,AnnualCrop
test_3930.jpg,SeaLake
test_3931.jpg,SeaLake
test_3932.jpg,SeaLake
test_3933.jpg,SeaLake
test_3934.jpg,SeaLake
test_3935.jpg,SeaLake
test_3936.jpg,SeaLake
test_3937.jpg,SeaLake
test_3938.jpg,SeaLake
test_3939.jpg,SeaLake
test_394.jpg,AnnualCrop
test_3940.jpg,SeaLake
test_3941.jpg,SeaLake
test_3942.jpg,SeaLake
test_3943.jpg,SeaLake
test_3944.jpg,SeaLake
test_3945.jpg,SeaLake
test_3946.jpg,SeaLake
test_3947.jpg,SeaLake
test_3948.jpg,SeaLake
test_3949.jpg,SeaLake
test_395.jpg,AnnualCrop
test_3950.jpg,SeaLake
test_3951.jpg,SeaLake
test_3952.jpg,SeaLake
test_3953.jpg,SeaLake
test_3954.jpg,SeaLake
test_3955.jpg,SeaLake
test_3956.jpg,SeaLake
test_3957.jpg,SeaLake
test_3958.jpg,SeaLake
test_3959.jpg,AnnualCrop
test_396.jpg,AnnualCrop
test_3960.jpg,SeaLake
test_3961.jpg,SeaLake
test_3962.jpg,SeaLake
test_3963.jpg,SeaLake
test_3964.jpg,SeaLake
test_3965.jpg,SeaLake
test_3966.jpg,SeaLake
test_3967.jpg,SeaLake
test_3968.jpg,SeaLake
test_3969.jpg,SeaLake
test_397.jpg,AnnualCrop
test_3970.jpg,SeaLake
test_3971.jpg,SeaLake
test_3972.jpg,SeaLake
test_3973.jpg,SeaLake
test_3974.jpg,SeaLake
test_3975.jpg,SeaLake
test_3976.jpg,SeaLake
test_3977.jpg,SeaLake
test_3978.jpg,SeaLake
test_3979.jpg,SeaLake
test_398.jpg,AnnualCrop
test_3980.jpg,SeaLake
test_3981.jpg,SeaLake
test_3982.jpg,SeaLake
test_3983.jpg,SeaLake
test_3984.jpg,AnnualCrop
test_3985.jpg,SeaLake
test_3986.jpg,SeaLake
test_3987.jpg,AnnualCrop
test_3988.jpg,SeaLake
test_3989.jpg,SeaLake
test_399.jpg,AnnualCrop
test_3990.jpg,SeaLake
test_3991.jpg,SeaLake
test_3992.jpg,SeaLake
test_3993.jpg,SeaLake
test_3994.jpg,SeaLake
test_3995.jpg,SeaLake
test_3996.jpg,SeaLake
test_3997.jpg,SeaLake
test_3998.jpg,SeaLake
test_3999.jpg,SeaLake
test_4.jpg,AnnualCrop
test_40.jpg,AnnualCrop
test_400.jpg,AnnualCrop
test_4000.jpg,SeaLake
test_4001.jpg,SeaLake
test_4002.jpg,SeaLake
test_4003.jpg,SeaLake
test_4004.jpg,SeaLake
test_4005.jpg,SeaLake
test_4006.jpg,SeaLake
test_4007.jpg,SeaLake
test_4008.jpg,SeaLake
test_4009.jpg,SeaLake
test_401.jpg,AnnualCrop
test_4010.jpg,SeaLake
test_4011.jpg,SeaLake
test_4012.jpg,SeaLake
test_4013.jpg,SeaLake
test_4014.jpg,SeaLake
test_4015.jpg,SeaLake
test_4016.jpg,SeaLake
test_4017.jpg,SeaLake
test_4018.jpg,SeaLake
test_4019.jpg,SeaLake
test_402.jpg,AnnualCrop
test_4020.jpg,SeaLake
test_4021.jpg,SeaLake
test_4022.jpg,SeaLake
test_4023.jpg,SeaLake
test_4024.jpg,SeaLake
test_4025.jpg,SeaLake
test_4026.jpg,SeaLake
test_4027.jpg,SeaLake
test_4028.jpg,SeaLake
test_4029.jpg,SeaLake
test_403.jpg,AnnualCrop
test_4030.jpg,Forest
test_4031.jpg,SeaLake
test_4032.jpg,SeaLake
test_4033.jpg,SeaLake
test_4034.jpg,SeaLake
test_4035.jpg,SeaLake
test_4036.jpg,SeaLake
test_4037.jpg,SeaLake
test_4038.jpg,SeaLake
test_4039.jpg,SeaLake
test_404.jpg,AnnualCrop
test_4040.jpg,SeaLake
test_4041.jpg,SeaLake
test_4042.jpg,SeaLake
test_4043.jpg,SeaLake
test_4044.jpg,SeaLake
test_4045.jpg,SeaLake
test_4046.jpg,SeaLake
test_4047.jpg,SeaLake
test_4048.jpg,SeaLake
test_4049.jpg,SeaLake
test_405.jpg,AnnualCrop
test_4050.jpg,SeaLake
test_406.jpg,AnnualCrop
test_407.jpg,AnnualCrop
test_408.jpg,AnnualCrop
test_409.jpg,AnnualCrop
test_41.jpg,AnnualCrop
test_410.jpg,AnnualCrop
test_411.jpg,AnnualCrop
test_412.jpg,AnnualCrop
test_413.jpg,AnnualCrop
test_414.jpg,AnnualCrop
test_415.jpg,AnnualCrop
test_416.jpg,AnnualCrop
test_417.jpg,AnnualCrop
test_418.jpg,AnnualCrop
test_419.jpg,AnnualCrop
test_42.jpg,AnnualCrop
test_420.jpg,AnnualCrop
test_421.jpg,AnnualCrop
test_422.jpg,AnnualCrop
test_423.jpg,AnnualCrop
test_424.jpg,AnnualCrop
test_425.jpg,AnnualCrop
test_426.jpg,AnnualCrop
test_427.jpg,AnnualCrop
test_428.jpg,AnnualCrop
test_429.jpg,AnnualCrop
test_43.jpg,AnnualCrop
test_430.jpg,AnnualCrop
test_431.jpg,AnnualCrop
test_432.jpg,AnnualCrop
test_433.jpg,AnnualCrop
test_434.jpg,AnnualCrop
test_435.jpg,AnnualCrop
test_436.jpg,AnnualCrop
test_437.jpg,AnnualCrop
test_438.jpg,AnnualCrop
test_439.jpg,AnnualCrop
test_44.jpg,AnnualCrop
test_440.jpg,AnnualCrop
test_441.jpg,AnnualCrop
test_442.jpg,AnnualCrop
test_443.jpg,AnnualCrop
test_444.jpg,AnnualCrop
test_445.jpg,AnnualCrop
test_446.jpg,AnnualCrop
test_447.jpg,AnnualCrop
test_448.jpg,AnnualCrop
test_449.jpg,AnnualCrop
test_45.jpg,AnnualCrop
test_450.jpg,AnnualCrop
test_451.jpg,Forest
test_452.jpg,Forest
test_453.jpg,Forest
test_454.jpg,Forest
test_455.jpg,Forest
test_456.jpg,Forest
test_457.jpg,Forest
test_458.jpg,Forest
test_459.jpg,Forest
test_46.jpg,AnnualCrop
test_460.jpg,Forest
test_461.jpg,Forest
test_462.jpg,Forest
test_463.jpg,Forest
test_464.jpg,Forest
test_465.jpg,Forest
test_466.jpg,Forest
test_467.jpg,Forest
test_468.jpg,Forest
test_469.jpg,Forest
test_47.jpg,AnnualCrop
test_470.jpg,Forest
test_471.jpg,Forest
test_472.jpg,Forest
test_473.jpg,Forest
test_474.jpg,Forest
test_475.jpg,Forest
test_476.jpg,Forest
test_477.jpg,Forest
test_478.jpg,Forest
test_479.jpg,Forest
test_48.jpg,AnnualCrop
test_480.jpg,Forest
test_481.jpg,Forest
test_482.jpg,Forest
test_483.jpg,Forest
test_484.jpg,Forest
test_485.jpg,Forest
test_486.jpg,Forest
test_487.jpg,Forest
test_488.jpg,Forest
test_489.jpg,Forest
test_49.jpg,AnnualCrop
test_490.jpg,Forest
test_491.jpg,Forest
test_492.jpg,Forest
test_493.jpg,Forest
test_494.jpg,Forest
test_495.jpg,Forest
test_496.jpg,Forest
test_497.jpg,Forest
test_498.jpg,Forest
test_499.jpg,Forest
test_5.jpg,AnnualCrop
test_50.jpg,AnnualCrop
test_500.jpg,Forest
test_501.jpg,Forest
test_502.jpg,Forest
test_503.jpg,Forest
test_504.jpg,Forest
test_505.jpg,Forest
test_506.jpg,Forest
test_507.jpg,Forest
test_508.jpg,Pasture
test_509.jpg,Forest
test_51.jpg,AnnualCrop
test_510.jpg,Forest
test_511.jpg,Forest
test_512.jpg,Forest
test_513.jpg,Forest
test_514.jpg,Forest
test_515.jpg,Forest
test_516.jpg,Forest
test_517.jpg,Forest
test_518.jpg,Forest
test_519.jpg,Forest
test_52.jpg,AnnualCrop
test_520.jpg,Forest
test_521.jpg,Forest
test_522.jpg,Forest
test_523.jpg,Forest
test_524.jpg,Forest
test_525.jpg,Forest
test_526.jpg,Forest
test_527.jpg,Forest
test_528.jpg,Forest
test_529.jpg,Forest
test_53.jpg,AnnualCrop
test_530.jpg,Forest
test_531.jpg,Forest
test_532.jpg,Forest
test_533.jpg,Forest
test_534.jpg,Forest
test_535.jpg,Forest
test_536.jpg,Forest
test_537.jpg,Forest
test_538.jpg,Forest
test_539.jpg,Forest
test_54.jpg,AnnualCrop
test_540.jpg,Forest
test_541.jpg,Forest
test_542.jpg,Forest
test_543.jpg,Forest
test_544.jpg,Forest
test_545.jpg,Forest
test_546.jpg,Forest
test_547.jpg,Forest
test_548.jpg,Forest
test_549.jpg,Forest
test_55.jpg,AnnualCrop
test_550.jpg,Forest
test_551.jpg,Forest
test_552.jpg,Forest
test_553.jpg,Forest
test_554.jpg,Forest
test_555.jpg,Forest
test_556.jpg,Forest
test_557.jpg,Forest
test_558.jpg,Forest
test_559.jpg,Forest
test_56.jpg,AnnualCrop
test_560.jpg,Forest
test_561.jpg,Forest
test_562.jpg,Forest
test_563.jpg,Forest
test_564.jpg,Forest
test_565.jpg,Forest
test_566.jpg,Forest
test_567.jpg,Forest
test_568.jpg,Forest
test_569.jpg,SeaLake
test_57.jpg,AnnualCrop
test_570.jpg,Forest
test_571.jpg,Forest
test_572.jpg,Forest
test_573.jpg,Forest
test_574.jpg,Forest
test_575.jpg,Forest
test_576.jpg,Forest
test_577.jpg,Forest
test_578.jpg,Forest
test_579.jpg,Forest
test_58.jpg,AnnualCrop
test_580.jpg,Forest
test_581.jpg,Forest
test_582.jpg,Forest
test_583.jpg,HerbaceousVegetation
test_584.jpg,Forest
test_585.jpg,HerbaceousVegetation
test_586.jpg,Forest
test_587.jpg,Forest
test_588.jpg,Forest
test_589.jpg,Forest
test_59.jpg,AnnualCrop
test_590.jpg,Forest
test_591.jpg,Forest
test_592.jpg,Forest
test_593.jpg,Forest
test_594.jpg,Forest
test_595.jpg,Forest
test_596.jpg,Forest
test_597.jpg,Forest
test_598.jpg,Forest
test_599.jpg,Forest
test_6.jpg,AnnualCrop
test_60.jpg,AnnualCrop
test_600.jpg,Forest
test_601.jpg,Forest
test_602.jpg,Forest
test_603.jpg,Forest
test_604.jpg,Forest
test_605.jpg,Forest
test_606.jpg,Forest
test_607.jpg,Forest
test_608.jpg,Forest
test_609.jpg,Forest
test_61.jpg,AnnualCrop
test_610.jpg,Forest
test_611.jpg,Forest
test_612.jpg,Forest
test_613.jpg,Forest
test_614.jpg,Forest
test_615.jpg,Forest
test_616.jpg,Pasture
test_617.jpg,Forest
test_618.jpg,Forest
test_619.jpg,Forest
test_62.jpg,AnnualCrop
test_620.jpg,Forest
test_621.jpg,Forest
test_622.jpg,Forest
test_623.jpg,Forest
test_624.jpg,Forest
test_625.jpg,Forest
test_626.jpg,Forest
test_627.jpg,Forest
test_628.jpg,Forest
test_629.jpg,Forest
test_63.jpg,AnnualCrop
test_630.jpg,Forest
test_631.jpg,Forest
test_632.jpg,Forest
test_633.jpg,Forest
test_634.jpg,Forest
test_635.jpg,Forest
test_636.jpg,Forest
test_637.jpg,Forest
test_638.jpg,Forest
test_639.jpg,Forest
test_64.jpg,AnnualCrop
test_640.jpg,Forest
test_641.jpg,Forest
test_642.jpg,Forest
test_643.jpg,Forest
test_644.jpg,Forest
test_645.jpg,Forest
test_646.jpg,Forest
test_647.jpg,Forest
test_648.jpg,Forest
test_649.jpg,Forest
test_65.jpg,AnnualCrop
test_650.jpg,Forest
test_651.jpg,Forest
test_652.jpg,Forest
test_653.jpg,Forest
test_654.jpg,Forest
test_655.jpg,Forest
test_656.jpg,Forest
test_657.jpg,Forest
test_658.jpg,Forest
test_659.jpg,Forest
test_66.jpg,AnnualCrop
test_660.jpg,Forest
test_661.jpg,Forest
test_662.jpg,Forest
test_663.jpg,Forest
test_664.jpg,Forest
test_665.jpg,Forest
test_666.jpg,Forest
test_667.jpg,Forest
test_668.jpg,Forest
test_669.jpg,Forest
test_67.jpg,AnnualCrop
test_670.jpg,Forest
test_671.jpg,Forest
test_672.jpg,Forest
test_673.jpg,Forest
test_674.jpg,Forest
test_675.jpg,Forest
test_676.jpg,Forest
test_677.jpg,Forest
test_678.jpg,Forest
test_679.jpg,Forest
test_68.jpg,AnnualCrop
test_680.jpg,Forest
test_681.jpg,Forest
test_682.jpg,Forest
test_683.jpg,Forest
test_684.jpg,Forest
test_685.jpg,Forest
test_686.jpg,Forest
test_687.jpg,Forest
test_688.jpg,Forest
test_689.jpg,Forest
test_69.jpg,AnnualCrop
test_690.jpg,Forest
test_691.jpg,Forest
test_692.jpg,Forest
test_693.jpg,Forest
test_694.jpg,Forest
test_695.jpg,Forest
test_696.jpg,Forest
test_697.jpg,Forest
test_698.jpg,Forest
test_699.jpg,Forest
test_7.jpg,AnnualCrop
test_70.jpg,AnnualCrop
test_700.jpg,Forest
test_701.jpg,Forest
test_702.jpg,Forest
test_703.jpg,Forest
test_704.jpg,Forest
test_705.jpg,Forest
test_706.jpg,Forest
test_707.jpg,Forest
test_708.jpg,Forest
test_709.jpg,Forest
test_71.jpg,AnnualCrop
test_710.jpg,Forest
test_711.jpg,Forest
test_712.jpg,Forest
test_713.jpg,Forest
test_714.jpg,Forest
test_715.jpg,Forest
test_716.jpg,Forest
test_717.jpg,Forest
test_718.jpg,Forest
test_719.jpg,Forest
test_72.jpg,AnnualCrop
test_720.jpg,Forest
test_721.jpg,Forest
test_722.jpg,Forest
test_723.jpg,Forest
test_724.jpg,Forest
test_725.jpg,HerbaceousVegetation
test_726.jpg,Forest
test_727.jpg,Forest
test_728.jpg,Forest
test_729.jpg,Forest
test_73.jpg,AnnualCrop
test_730.jpg,SeaLake
test_731.jpg,Forest
test_732.jpg,Forest
test_733.jpg,Forest
test_734.jpg,Forest
test_735.jpg,Forest
test_736.jpg,Forest
test_737.jpg,Forest
test_738.jpg,Forest
test_739.jpg,Forest
test_74.jpg,AnnualCrop
test_740.jpg,Forest
test_741.jpg,Forest
test_742.jpg,Forest
test_743.jpg,Forest
test_744.jpg,Forest
test_745.jpg,Forest
test_746.jpg,Forest
test_747.jpg,Forest
test_748.jpg,Forest
test_749.jpg,Forest
test_75.jpg,AnnualCrop
test_750.jpg,Forest
test_751.jpg,Forest
test_752.jpg,Forest
test_753.jpg,Forest
test_754.jpg,Forest
test_755.jpg,Forest
test_756.jpg,Forest
test_757.jpg,Forest
test_758.jpg,Forest
test_759.jpg,Forest
test_76.jpg,AnnualCrop
test_760.jpg,Forest
test_761.jpg,Forest
test_762.jpg,Forest
test_763.jpg,Forest
test_764.jpg,Forest
test_765.jpg,Forest
test_766.jpg,Forest
test_767.jpg,Forest
test_768.jpg,Forest
test_769.jpg,Forest
test_77.jpg,AnnualCrop
test_770.jpg,Forest
test_771.jpg,Forest
test_772.jpg,Forest
test_773.jpg,Forest
test_774.jpg,Forest
test_775.jpg,Forest
test_776.jpg,Forest
test_777.jpg,Forest
test_778.jpg,Forest
test_779.jpg,Forest
test_78.jpg,AnnualCrop
test_780.jpg,Forest
test_781.jpg,Forest
test_782.jpg,Forest
test_783.jpg,Forest
test_784.jpg,Forest
test_785.jpg,Forest
test_786.jpg,Forest
test_787.jpg,Forest
test_788.jpg,Forest
test_789.jpg,Forest
test_79.jpg,AnnualCrop
test_790.jpg,Forest
test_791.jpg,Forest
test_792.jpg,Forest
test_793.jpg,Forest
test_794.jpg,Forest
test_795.jpg,Forest
test_796.jpg,Forest
test_797.jpg,Forest
test_798.jpg,Forest
test_799.jpg,Forest
test_8.jpg,AnnualCrop
test_80.jpg,AnnualCrop
test_800.jpg,Forest
test_801.jpg,Forest
test_802.jpg,Forest
test_803.jpg,Forest
test_804.jpg,Forest
test_805.jpg,Forest
test_806.jpg,Forest
test_807.jpg,Forest
test_808.jpg,Forest
test_809.jpg,Forest
test_81.jpg,AnnualCrop
test_810.jpg,Pasture
test_811.jpg,Forest
test_812.jpg,Forest
test_813.jpg,Forest
test_814.jpg,Forest
test_815.jpg,Forest
test_816.jpg,Forest
test_817.jpg,Forest
test_818.jpg,Forest
test_819.jpg,Forest
test_82.jpg,AnnualCrop
test_820.jpg,Forest
test_821.jpg,Forest
test_822.jpg,Forest
test_823.jpg,Forest
test_824.jpg,Forest
test_825.jpg,Forest
test_826.jpg,Forest
test_827.jpg,Forest
test_828.jpg,Forest
test_829.jpg,Forest
test_83.jpg,AnnualCrop
test_830.jpg,Forest
test_831.jpg,Forest
test_832.jpg,Forest
test_833.jpg,Forest
test_834.jpg,Forest
test_835.jpg,Forest
test_836.jpg,Forest
test_837.jpg,Forest
test_838.jpg,Forest
test_839.jpg,Forest
test_84.jpg,AnnualCrop
test_840.jpg,Forest
test_841.jpg,Forest
test_842.jpg,Forest
test_843.jpg,Forest
test_844.jpg,Forest
test_845.jpg,Forest
test_846.jpg,Forest
test_847.jpg,HerbaceousVegetation
test_848.jpg,Forest
test_849.jpg,Forest
test_85.jpg,AnnualCrop
test_850.jpg,Forest
test_851.jpg,Forest
test_852.jpg,Forest
test_853.jpg,Forest
test_854.jpg,Forest
test_855.jpg,Forest
test_856.jpg,Forest
test_857.jpg,Forest
test_858.jpg,Forest
test_859.jpg,Forest
test_86.jpg,AnnualCrop
test_860.jpg,Forest
test_861.jpg,Forest
test_862.jpg,Forest
test_863.jpg,River
test_864.jpg,Forest
test_865.jpg,Forest
test_866.jpg,Forest
test_867.jpg,Forest
test_868.jpg,Forest
test_869.jpg,Forest
test_87.jpg,AnnualCrop
test_870.jpg,Forest
test_871.jpg,Pasture
test_872.jpg,Forest
test_873.jpg,Forest
test_874.jpg,Forest
test_875.jpg,Forest
test_876.jpg,Forest
test_877.jpg,Forest
test_878.jpg,Forest
test_879.jpg,HerbaceousVegetation
test_88.jpg,AnnualCrop
test_880.jpg,Forest
test_881.jpg,Forest
test_882.jpg,Forest
test_883.jpg,Forest
test_884.jpg,Forest
test_885.jpg,Forest
test_886.jpg,Forest
test_887.jpg,Forest
test_888.jpg,Forest
test_889.jpg,Forest
test_89.jpg,AnnualCrop
test_890.jpg,Forest
test_891.jpg,Forest
test_892.jpg,Forest
test_893.jpg,Forest
test_894.jpg,Forest
test_895.jpg,Forest
test_896.jpg,Forest
test_897.jpg,Forest
test_898.jpg,Forest
test_899.jpg,Forest
test_9.jpg,AnnualCrop
test_90.jpg,AnnualCrop
test_900.jpg,Forest
test_901.jpg,HerbaceousVegetation
test_902.jpg,HerbaceousVegetation
test_903.jpg,HerbaceousVegetation
test_904.jpg,HerbaceousVegetation
test_905.jpg,HerbaceousVegetation
test_906.jpg,HerbaceousVegetation
test_907.jpg,HerbaceousVegetation
test_908.jpg,HerbaceousVegetation
test_909.jpg,Forest
test_91.jpg,AnnualCrop
test_910.jpg,HerbaceousVegetation
test_911.jpg,HerbaceousVegetation
test_912.jpg,HerbaceousVegetation
test_913.jpg,HerbaceousVegetation
test_914.jpg,HerbaceousVegetation
test_915.jpg,HerbaceousVegetation
test_916.jpg,HerbaceousVegetation
test_917.jpg,HerbaceousVegetation
test_918.jpg,HerbaceousVegetation
test_919.jpg,HerbaceousVegetation
test_92.jpg,AnnualCrop
test_920.jpg,HerbaceousVegetation
test_921.jpg,HerbaceousVegetation
test_922.jpg,HerbaceousVegetation
test_923.jpg,HerbaceousVegetation
test_924.jpg,HerbaceousVegetation
test_925.jpg,HerbaceousVegetation
test_926.jpg,HerbaceousVegetation
test_927.jpg,HerbaceousVegetation
test_928.jpg,HerbaceousVegetation
test_929.jpg,HerbaceousVegetation
test_93.jpg,AnnualCrop
test_930.jpg,HerbaceousVegetation
test_931.jpg,HerbaceousVegetation
test_932.jpg,PermanentCrop
test_933.jpg,HerbaceousVegetation
test_934.jpg,HerbaceousVegetation
test_935.jpg,HerbaceousVegetation
test_936.jpg,HerbaceousVegetation
test_937.jpg,HerbaceousVegetation
test_938.jpg,HerbaceousVegetation
test_939.jpg,HerbaceousVegetation
test_94.jpg,AnnualCrop
test_940.jpg,HerbaceousVegetation
test_941.jpg,HerbaceousVegetation
test_942.jpg,HerbaceousVegetation
test_943.jpg,HerbaceousVegetation
test_944.jpg,HerbaceousVegetation
test_945.jpg,Pasture
test_946.jpg,HerbaceousVegetation
test_947.jpg,HerbaceousVegetation
test_948.jpg,HerbaceousVegetation
test_949.jpg,HerbaceousVegetation
test_95.jpg,AnnualCrop
test_950.jpg,HerbaceousVegetation
test_951.jpg,HerbaceousVegetation
test_952.jpg,HerbaceousVegetation
test_953.jpg,HerbaceousVegetation
test_954.jpg,HerbaceousVegetation
test_955.jpg,HerbaceousVegetation
test_956.jpg,HerbaceousVegetation
test_957.jpg,HerbaceousVegetation
test_958.jpg,HerbaceousVegetation
test_959.jpg,HerbaceousVegetation
test_96.jpg,AnnualCrop
test_960.jpg,HerbaceousVegetation
test_961.jpg,HerbaceousVegetation
test_962.jpg,HerbaceousVegetation
test_963.jpg,HerbaceousVegetation
test_964.jpg,HerbaceousVegetation
test_965.jpg,HerbaceousVegetation
test_966.jpg,HerbaceousVegetation
test_967.jpg,HerbaceousVegetation
test_968.jpg,HerbaceousVegetation
test_969.jpg,HerbaceousVegetation
test_97.jpg,AnnualCrop
test_970.jpg,HerbaceousVegetation
test_971.jpg,HerbaceousVegetation
test_972.jpg,HerbaceousVegetation
test_973.jpg,HerbaceousVegetation
test_974.jpg,HerbaceousVegetation
test_975.jpg,HerbaceousVegetation
test_976.jpg,HerbaceousVegetation
test_977.jpg,HerbaceousVegetation
test_978.jpg,HerbaceousVegetation
test_979.jpg,HerbaceousVegetation
test_98.jpg,AnnualCrop
test_980.jpg,HerbaceousVegetation
test_981.jpg,HerbaceousVegetation
test_982.jpg,HerbaceousVegetation
test_983.jpg,HerbaceousVegetation
test_984.jpg,HerbaceousVegetation
test_985.jpg,HerbaceousVegetation
test_986.jpg,HerbaceousVegetation
test_987.jpg,HerbaceousVegetation
test_988.jpg,HerbaceousVegetation
test_989.jpg,HerbaceousVegetation
test_99.jpg,AnnualCrop
test_990.jpg,HerbaceousVegetation
test_991.jpg,HerbaceousVegetation
test_992.jpg,HerbaceousVegetation
test_993.jpg,HerbaceousVegetation
test_994.jpg,HerbaceousVegetation
test_995.jpg,HerbaceousVegetation
test_996.jpg,HerbaceousVegetation
test_997.jpg,HerbaceousVegetation
test_998.jpg,HerbaceousVegetation
test_999.jpg,HerbaceousVegetation
